{"type":"FeatureCollection","features":[{"type":"Feature","properties":{"kind":"river","name":"Agno River"},"geometry":{"type":"LineString","coordinates":[[120.4717,15.7475],[120.4645,15.7434],[120.4622,15.7452],[120.4622,15.7534],[120.4531,15.7558],[120.451,15.7585]]}},{"type":"Feature","properties":{"kind":"river","name":"Agno River"},"geometry":{"type":"LineString","coordinates":[[120.2852,15.9237],[120.2863,15.9358],[120.2833,15.9441],[120.2807,15.9452],[120.2857,15.9525],[120.2908,15.9531],[120.2936,15.9588],[120.2889,15.9634],[120.2969,15.9684],[120.2967,15.9722],[120.2918,15.9759],[120.2949,15.9804],[120.2928,15.9857],[120.2986,15.9925],[120.2925,15.9977],[120.2876,15.9925],[120.2853,15.9988],[120.2805,16.0033],[120.2867,16.0141],[120.3019,16.0149]]}},{"type":"Feature","properties":{"kind":"river","name":"Agno River"},"geometry":{"type":"LineString","coordinates":[[120.726,16.3843],[120.7252,16.377],[120.7292,16.377],[120.7327,16.3814],[120.7336,16.3782],[120.7309,16.3744],[120.7334,16.3695],[120.7398,16.3663],[120.7327,16.361],[120.7228,16.3639],[120.7215,16.3686],[120.72,16.367],[120.72,16.3503],[120.722,16.3487],[120.7241,16.3501],[120.7289,16.342]]}},{"type":"Feature","properties":{"kind":"river","name":"Agno River"},"geometry":{"type":"LineString","coordinates":[[120.708,16.1003],[120.7196,16.0864],[120.7192,16.0813],[120.7244,16.0788],[120.7243,16.0703],[120.7275,16.0639],[120.7259,16.0616],[120.7291,16.0579],[120.7252,16.0527],[120.7237,16.0397],[120.7149,16.0297]]}},{"type":"Feature","properties":{"kind":"river","name":"Agno River"},"geometry":{"type":"LineString","coordinates":[[120.6794,16.1421],[120.677,16.1371],[120.6829,16.1336],[120.6973,16.1141],[120.6986,16.1081],[120.708,16.1003]]}},{"type":"Feature","properties":{"kind":"river","name":"Agno River"},"geometry":{"type":"LineString","coordinates":[[120.7211,16.056],[120.7187,16.0524],[120.7228,16.0477],[120.7163,16.0393],[120.7133,16.0218],[120.7099,16.0159],[120.7139,16.0123],[120.7087,16.0045],[120.7064,15.9935],[120.678,15.9801],[120.6737,15.9803],[120.6682,15.9702],[120.6626,15.9663],[120.6638,15.9573],[120.6581,15.957],[120.654,15.9535],[120.6548,15.9471],[120.6494,15.9433],[120.6475,15.9314],[120.6289,15.9267],[120.6252,15.9202],[120.6291,15.9135],[120.6234,15.9093]]}},{"type":"Feature","properties":{"kind":"river","name":"Agno River"},"geometry":{"type":"LineString","coordinates":[[120.822,16.7047],[120.8206,16.6957],[120.8246,16.6901],[120.8211,16.6841],[120.8234,16.6778],[120.8226,16.6715],[120.8253,16.6695],[120.8151,16.6581],[120.8244,16.6505],[120.8217,16.6475],[120.8252,16.6456],[120.8254,16.6428],[120.8226,16.6395],[120.8219,16.6319],[120.8263,16.6302],[120.8244,16.6256],[120.8315,16.6224],[120.8305,16.6187],[120.8332,16.6171],[120.8343,16.5991],[120.8307,16.5923],[120.8349,16.5892],[120.8345,16.5859],[120.8274,16.5767],[120.8235,16.5783],[120.8211,16.5741],[120.8176,16.5746],[120.8164,16.5711],[120.8118,16.5697],[120.8105,16.5662],[120.8029,16.5711],[120.8009,16.5669],[120.8021,16.5646],[120.799,16.5631],[120.8019,16.5599],[120.8016,16.554],[120.7979,16.5526]]}},{"type":"Feature","properties":{"kind":"river","name":"Agno River"},"geometry":{"type":"LineString","coordinates":[[120.3257,15.8195],[120.3149,15.8319],[120.3099,15.834],[120.2945,15.8312],[120.291,15.8361],[120.2922,15.8421]]}},{"type":"Feature","properties":{"kind":"river","name":"Agno River"},"geometry":{"type":"LineString","coordinates":[[120.4564,15.7897],[120.4561,15.7839],[120.4606,15.7724],[120.468,15.7644],[120.4688,15.759],[120.4568,15.762],[120.451,15.7585],[120.4397,15.7649],[120.4204,15.7658],[120.4069,15.7753],[120.3985,15.775],[120.3875,15.771],[120.3774,15.7722],[120.3691,15.7806],[120.3662,15.7874],[120.3597,15.7922],[120.3502,15.7921],[120.3462,15.7885],[120.3353,15.7953]]}},{"type":"Feature","properties":{"kind":"river","name":"Agno River"},"geometry":{"type":"LineString","coordinates":[[120.2043,15.9851],[120.1924,16.0014],[120.1689,16.0095],[120.1591,16.0092],[120.1518,16.0206]]}},{"type":"Feature","properties":{"kind":"river","name":"Agno River"},"geometry":{"type":"LineString","coordinates":[[120.8692,16.8173],[120.8671,16.821],[120.8584,16.823],[120.8458,16.8174],[120.8386,16.8088],[120.8383,16.8014],[120.833,16.8],[120.8328,16.797],[120.8298,16.7956],[120.8282,16.7913],[120.8329,16.7865],[120.8335,16.7778],[120.8285,16.7765],[120.8307,16.772],[120.8291,16.768],[120.8333,16.763],[120.8267,16.7504]]}},{"type":"Feature","properties":{"kind":"river","name":"Agno River"},"geometry":{"type":"LineString","coordinates":[[120.8897,16.8238],[120.893,16.821],[120.892,16.8151],[120.89,16.8144],[120.892,16.8096]]}},{"type":"Feature","properties":{"kind":"river","name":"Agno River"},"geometry":{"type":"LineString","coordinates":[[120.229,15.9783],[120.2112,16.004],[120.2117,16.0184],[120.1983,16.0428]]}},{"type":"Feature","properties":{"kind":"river","name":"Agno River"},"geometry":{"type":"LineString","coordinates":[[120.3004,15.851],[120.302,15.854],[120.2977,15.8601],[120.2912,15.8646],[120.28,15.8669],[120.2709,15.8858],[120.2681,15.8885],[120.2548,15.8894],[120.2496,15.9007]]}},{"type":"Feature","properties":{"kind":"river","name":"Agno River"},"geometry":{"type":"LineString","coordinates":[[120.7979,16.5526],[120.7934,16.5497],[120.7946,16.5469],[120.7917,16.5452],[120.7915,16.5409],[120.7868,16.5439],[120.7868,16.5362],[120.784,16.5332],[120.785,16.5285],[120.7772,16.5147],[120.7796,16.5075],[120.7721,16.4984],[120.7732,16.4914],[120.7631,16.4805]]}},{"type":"Feature","properties":{"kind":"river","name":"Agno River"},"geometry":{"type":"LineString","coordinates":[[120.7448,16.4582],[120.7468,16.453],[120.7417,16.4484]]}},{"type":"Feature","properties":{"kind":"river","name":"Agno River"},"geometry":{"type":"LineString","coordinates":[[120.7322,16.428],[120.7304,16.4251],[120.735,16.4157],[120.7312,16.4138],[120.7262,16.418],[120.725,16.4144],[120.7291,16.411],[120.7226,16.4071],[120.7229,16.4026],[120.7267,16.4013],[120.727,16.3959],[120.7295,16.3952]]}},{"type":"Feature","properties":{"kind":"river","name":"Agno River"},"geometry":{"type":"LineString","coordinates":[[120.7417,16.4484],[120.7366,16.4545],[120.7307,16.4508],[120.736,16.4432],[120.7348,16.4396],[120.7397,16.4408],[120.741,16.4389],[120.7352,16.4349],[120.7362,16.4286],[120.7322,16.428]]}},{"type":"Feature","properties":{"kind":"river","name":"Agno River"},"geometry":{"type":"LineString","coordinates":[[120.7052,16.2408],[120.6976,16.2334],[120.6989,16.2284],[120.6949,16.2238],[120.7005,16.2225],[120.702,16.2199],[120.6932,16.2131],[120.6939,16.207],[120.6989,16.2062],[120.6937,16.201],[120.6981,16.1944],[120.6978,16.1903],[120.7019,16.1892]]}},{"type":"Feature","properties":{"kind":"river","name":"Agno River"},"geometry":{"type":"LineString","coordinates":[[120.7289,16.342],[120.7306,16.3375],[120.7345,16.3362],[120.7289,16.3301],[120.7226,16.3287],[120.7213,16.3245],[120.7253,16.319],[120.7303,16.318],[120.7267,16.3069],[120.7297,16.3039],[120.7352,16.303],[120.7432,16.2921],[120.7405,16.2872],[120.745,16.2797],[120.7406,16.274],[120.7392,16.2662],[120.7327,16.2641],[120.7335,16.2597],[120.7276,16.2501],[120.7205,16.2483],[120.7138,16.2502],[120.7052,16.2408]]}},{"type":"Feature","properties":{"kind":"river","name":"Agno River"},"geometry":{"type":"LineString","coordinates":[[120.7315,16.3942],[120.734,16.3927],[120.7334,16.3891]]}},{"type":"Feature","properties":{"kind":"river","name":"Agno River"},"geometry":{"type":"LineString","coordinates":[[120.7295,16.3952],[120.7315,16.3942]]}},{"type":"Feature","properties":{"kind":"river","name":"Agno River"},"geometry":{"type":"LineString","coordinates":[[120.2134,15.9769],[120.2046,15.9824],[120.2056,15.9878]]}},{"type":"Feature","properties":{"kind":"river","name":"Agno River"},"geometry":{"type":"LineString","coordinates":[[120.7334,16.3891],[120.7301,16.3881],[120.7294,16.3844],[120.726,16.3843]]}},{"type":"Feature","properties":{"kind":"river","name":"Agno River"},"geometry":{"type":"LineString","coordinates":[[120.6868,16.1451],[120.6835,16.1431]]}},{"type":"Feature","properties":{"kind":"river","name":"Agno River"},"geometry":{"type":"LineString","coordinates":[[120.4584,15.8099],[120.4584,15.8098]]}},{"type":"Feature","properties":{"kind":"river","name":"Agno River"},"geometry":{"type":"LineString","coordinates":[[120.484,15.8484],[120.4777,15.8274]]}},{"type":"Feature","properties":{"kind":"river","name":"Agno River"},"geometry":{"type":"LineString","coordinates":[[120.7459,16.4592],[120.7448,16.4582]]}},{"type":"Feature","properties":{"kind":"river","name":"Agno River"},"geometry":{"type":"LineString","coordinates":[[120.4992,15.8135],[120.493,15.8014],[120.4959,15.7819],[120.4943,15.76],[120.4889,15.7553],[120.4704,15.7511],[120.4717,15.7475]]}},{"type":"Feature","properties":{"kind":"river","name":"Agno River"},"geometry":{"type":"LineString","coordinates":[[120.6816,16.1424],[120.6813,16.1424]]}},{"type":"Feature","properties":{"kind":"river","name":"Agno River"},"geometry":{"type":"LineString","coordinates":[[120.6835,16.1431],[120.6816,16.1424]]}},{"type":"Feature","properties":{"kind":"river","name":"Agno River"},"geometry":{"type":"LineString","coordinates":[[120.7631,16.4805],[120.7487,16.4792],[120.7454,16.4697],[120.7459,16.4592]]}},{"type":"Feature","properties":{"kind":"river","name":"Agno River"},"geometry":{"type":"LineString","coordinates":[[120.4995,15.8349],[120.4957,15.8359],[120.4777,15.8274]]}},{"type":"Feature","properties":{"kind":"river","name":"Agno River"},"geometry":{"type":"LineString","coordinates":[[120.4777,15.8274],[120.46,15.8169],[120.4584,15.8099]]}},{"type":"Feature","properties":{"kind":"river","name":"Agno River"},"geometry":{"type":"LineString","coordinates":[[120.4973,15.844],[120.4972,15.8441]]}},{"type":"Feature","properties":{"kind":"river","name":"Agno River"},"geometry":{"type":"LineString","coordinates":[[120.5003,15.8429],[120.4973,15.844]]}},{"type":"Feature","properties":{"kind":"river","name":"Agno River"},"geometry":{"type":"LineString","coordinates":[[120.15,16.0256],[120.1424,16.039]]}},{"type":"Feature","properties":{"kind":"river","name":"Agno River"},"geometry":{"type":"LineString","coordinates":[[120.6813,16.1424],[120.6794,16.1421]]}},{"type":"Feature","properties":{"kind":"river","name":"Agno River"},"geometry":{"type":"LineString","coordinates":[[120.2056,15.9878],[120.2149,15.9915],[120.2182,15.996]]}},{"type":"Feature","properties":{"kind":"river","name":"Agno River"},"geometry":{"type":"LineString","coordinates":[[120.2496,15.9007],[120.2448,15.9198]]}},{"type":"Feature","properties":{"kind":"river","name":"Agno River"},"geometry":{"type":"LineString","coordinates":[[120.2448,15.9198],[120.24,15.9376],[120.2429,15.9672],[120.229,15.9783]]}},{"type":"Feature","properties":{"kind":"river","name":"Agno River"},"geometry":{"type":"LineString","coordinates":[[120.2922,15.8421],[120.3004,15.851]]}},{"type":"Feature","properties":{"kind":"river","name":"Agno River"},"geometry":{"type":"LineString","coordinates":[[120.3353,15.7953],[120.3283,15.8054],[120.3257,15.8195]]}},{"type":"Feature","properties":{"kind":"river","name":"Agno River"},"geometry":{"type":"LineString","coordinates":[[120.5292,15.8605],[120.5157,15.8489],[120.5095,15.8494],[120.5025,15.8455],[120.4991,15.8396],[120.5001,15.8356]]}},{"type":"Feature","properties":{"kind":"river","name":"Agno River"},"geometry":{"type":"LineString","coordinates":[[120.5567,15.8693],[120.5394,15.8667],[120.5339,15.8611],[120.5292,15.8605]]}},{"type":"Feature","properties":{"kind":"river","name":"Agno River"},"geometry":{"type":"LineString","coordinates":[[120.6234,15.9093],[120.6174,15.8997],[120.6099,15.8972],[120.609,15.8919],[120.6005,15.8867],[120.593,15.8865]]}},{"type":"Feature","properties":{"kind":"river","name":"Agno River"},"geometry":{"type":"LineString","coordinates":[[120.1518,16.0206],[120.15,16.0256]]}},{"type":"Feature","properties":{"kind":"river","name":"Agno River"},"geometry":{"type":"LineString","coordinates":[[120.4972,15.8441],[120.4933,15.8442],[120.4891,15.8489],[120.484,15.8484]]}},{"type":"Feature","properties":{"kind":"river","name":"Agno River"},"geometry":{"type":"LineString","coordinates":[[120.4584,15.8098],[120.4601,15.7989],[120.4564,15.7897]]}},{"type":"Feature","properties":{"kind":"river","name":"Agno River"},"geometry":{"type":"LineString","coordinates":[[120.5001,15.8356],[120.4995,15.8349]]}},{"type":"Feature","properties":{"kind":"river","name":"Agno River"},"geometry":{"type":"LineString","coordinates":[[120.4995,15.8349],[120.5011,15.8314],[120.4992,15.8135]]}},{"type":"Feature","properties":{"kind":"river","name":"Agno River"},"geometry":{"type":"LineString","coordinates":[[120.5887,15.8865],[120.5794,15.8826],[120.5726,15.8744],[120.5662,15.8715]]}},{"type":"Feature","properties":{"kind":"river","name":"Agno River"},"geometry":{"type":"LineString","coordinates":[[120.5662,15.8715],[120.5567,15.8693]]}},{"type":"Feature","properties":{"kind":"river","name":"Agno River"},"geometry":{"type":"LineString","coordinates":[[120.593,15.8865],[120.5887,15.8865]]}},{"type":"Feature","properties":{"kind":"river","name":"Agno River"},"geometry":{"type":"LineString","coordinates":[[120.708,16.1003],[120.7068,16.0954],[120.7092,16.0863],[120.7137,16.0824],[120.7157,16.0723],[120.7213,16.0684],[120.7211,16.056]]}},{"type":"Feature","properties":{"kind":"river","name":"Agno River"},"geometry":{"type":"LineString","coordinates":[[120.6877,16.1768],[120.6825,16.1741],[120.6884,16.1689],[120.6842,16.1596],[120.6932,16.1582],[120.6953,16.1542],[120.6868,16.1451]]}},{"type":"Feature","properties":{"kind":"river","name":"Agno River"},"geometry":{"type":"LineString","coordinates":[[120.892,16.8096],[120.8914,16.8056],[120.8943,16.8021],[120.8897,16.7925],[120.891,16.7909],[120.8881,16.7889],[120.8901,16.7852],[120.8867,16.7806],[120.8882,16.7735],[120.8824,16.7702],[120.8867,16.7652],[120.885,16.7579],[120.8791,16.7534],[120.8694,16.7561],[120.868,16.7528],[120.865,16.7544],[120.8522,16.7505],[120.8495,16.753],[120.8444,16.751],[120.8405,16.7535],[120.8355,16.7474],[120.8319,16.7482],[120.8252,16.7438],[120.8236,16.7403],[120.8256,16.738],[120.8207,16.7299],[120.8258,16.711],[120.822,16.7047]]}},{"type":"Feature","properties":{"kind":"river","name":"Agno River"},"geometry":{"type":"LineString","coordinates":[[120.7019,16.1892],[120.6984,16.1842],[120.6914,16.1825],[120.6901,16.1776],[120.6877,16.1768]]}},{"type":"Feature","properties":{"kind":"river","name":"Pampanga River"},"geometry":{"type":"LineString","coordinates":[[120.7632,14.9189],[120.7601,14.916]]}},{"type":"Feature","properties":{"kind":"river","name":"Pampanga River"},"geometry":{"type":"LineString","coordinates":[[120.8051,15.062],[120.7963,15.0545]]}},{"type":"Feature","properties":{"kind":"river","name":"Pampanga River"},"geometry":{"type":"LineString","coordinates":[[120.8638,15.2936],[120.8542,15.2888],[120.8506,15.2774],[120.8569,15.2752],[120.867,15.2841],[120.8735,15.2791],[120.873,15.2735],[120.8648,15.2673],[120.8599,15.2593],[120.8446,15.2597],[120.8473,15.2477],[120.8438,15.2444],[120.8373,15.2447],[120.8317,15.2513]]}},{"type":"Feature","properties":{"kind":"river","name":"Pampanga River"},"geometry":{"type":"LineString","coordinates":[[120.7608,14.9379],[120.7694,14.9314],[120.772,14.9233]]}},{"type":"Feature","properties":{"kind":"river","name":"Pampanga River"},"geometry":{"type":"LineString","coordinates":[[121.1317,15.619],[121.1274,15.6156],[121.1284,15.612],[121.1375,15.6131],[121.1322,15.6088],[121.1319,15.6049],[121.1281,15.6057],[121.1252,15.6025],[121.1262,15.5989],[121.1297,15.5971],[121.1284,15.5944]]}},{"type":"Feature","properties":{"kind":"river","name":"Pampanga River"},"geometry":{"type":"LineString","coordinates":[[120.7582,14.915],[120.7508,14.9144],[120.7461,14.9178]]}},{"type":"Feature","properties":{"kind":"river","name":"Pampanga River"},"geometry":{"type":"LineString","coordinates":[[120.7542,14.9289],[120.7461,14.9178]]}},{"type":"Feature","properties":{"kind":"river","name":"Pampanga River"},"geometry":{"type":"LineString","coordinates":[[120.7193,14.8836],[120.7192,14.8809],[120.7141,14.8797]]}},{"type":"Feature","properties":{"kind":"river","name":"Pampanga River"},"geometry":{"type":"LineString","coordinates":[[120.6878,14.8437],[120.6835,14.8349]]}},{"type":"Feature","properties":{"kind":"river","name":"Pampanga River"},"geometry":{"type":"LineString","coordinates":[[121.1009,15.7272],[121.1114,15.7157],[121.1116,15.7004],[121.1075,15.691],[121.1121,15.6858],[121.1131,15.679],[121.1181,15.6718],[121.1253,15.6687],[121.1201,15.662],[121.1258,15.6586]]}},{"type":"Feature","properties":{"kind":"river","name":"Pampanga River"},"geometry":{"type":"LineString","coordinates":[[120.9942,15.5406],[120.9879,15.5249],[120.9648,15.5153],[120.9544,15.5135],[120.9464,15.5072],[120.9473,15.4976],[120.9524,15.4908],[120.9452,15.485],[120.9466,15.4779],[120.9427,15.4707],[120.9331,15.463],[120.923,15.4741],[120.9104,15.4668],[120.9134,15.4631],[120.9187,15.4618],[120.9243,15.454],[120.9337,15.4496],[120.9312,15.4388],[120.9346,15.4293],[120.9345,15.4209],[120.9318,15.4138],[120.9355,15.4068],[120.9339,15.4],[120.9407,15.3955],[120.9346,15.386],[120.923,15.3825],[120.9137,15.3744],[120.9147,15.3668],[120.9287,15.3644],[120.9299,15.3586],[120.9089,15.3474]]}},{"type":"Feature","properties":{"kind":"river","name":"Pampanga River"},"geometry":{"type":"LineString","coordinates":[[121.0949,15.786],[121.0976,15.7776],[121.0922,15.7663],[121.0974,15.7657],[121.1063,15.7714],[121.1128,15.7679],[121.1083,15.7628],[121.097,15.7578],[121.0933,15.7467],[121.1009,15.7272]]}},{"type":"Feature","properties":{"kind":"river","name":"Pampanga River"},"geometry":{"type":"LineString","coordinates":[[121.109,15.8104],[121.1128,15.8052],[121.1061,15.8045],[121.1051,15.8022],[121.1133,15.7978],[121.1158,15.7935],[121.1042,15.7935],[121.0949,15.786]]}},{"type":"Feature","properties":{"kind":"river","name":"Pampanga River"},"geometry":{"type":"LineString","coordinates":[[120.72,14.8876],[120.7192,14.8845]]}},{"type":"Feature","properties":{"kind":"river","name":"Pampanga River"},"geometry":{"type":"LineString","coordinates":[[120.8106,15.0674],[120.8177,15.0642]]}},{"type":"Feature","properties":{"kind":"river","name":"Pampanga River"},"geometry":{"type":"LineString","coordinates":[[120.8146,15.0932],[120.8158,15.0893],[120.8131,15.0825],[120.8165,15.076],[120.8119,15.0697]]}},{"type":"Feature","properties":{"kind":"river","name":"Pampanga River"},"geometry":{"type":"LineString","coordinates":[[120.7844,15.1643],[120.7857,15.158]]}},{"type":"Feature","properties":{"kind":"river","name":"Pampanga River"},"geometry":{"type":"LineString","coordinates":[[120.8237,15.0924],[120.8227,15.0918]]}},{"type":"Feature","properties":{"kind":"river","name":"Pampanga River"},"geometry":{"type":"LineString","coordinates":[[120.825,15.0948],[120.8243,15.0932]]}},{"type":"Feature","properties":{"kind":"river","name":"Pampanga River"},"geometry":{"type":"LineString","coordinates":[[120.8251,15.0963],[120.825,15.0948]]}},{"type":"Feature","properties":{"kind":"river","name":"Pampanga River"},"geometry":{"type":"LineString","coordinates":[[120.8202,15.1128],[120.8183,15.1]]}},{"type":"Feature","properties":{"kind":"river","name":"Pampanga River"},"geometry":{"type":"LineString","coordinates":[[120.8222,15.0919],[120.8168,15.0938]]}},{"type":"Feature","properties":{"kind":"river","name":"Pampanga River"},"geometry":{"type":"LineString","coordinates":[[120.8132,15.1352],[120.8134,15.1278],[120.8186,15.122]]}},{"type":"Feature","properties":{"kind":"river","name":"Pampanga River"},"geometry":{"type":"LineString","coordinates":[[120.8186,15.122],[120.8223,15.1239]]}},{"type":"Feature","properties":{"kind":"river","name":"Pampanga River"},"geometry":{"type":"LineString","coordinates":[[120.8205,15.119],[120.8202,15.1128]]}},{"type":"Feature","properties":{"kind":"river","name":"Pampanga River"},"geometry":{"type":"LineString","coordinates":[[121.0868,15.5668],[121.0873,15.5592],[121.091,15.5551],[121.0875,15.5512],[121.0832,15.5507],[121.0746,15.5554],[121.0614,15.5486],[121.0419,15.5491],[121.0366,15.5432],[121.0317,15.5472],[121.0221,15.5465],[121.0119,15.5492],[121.0037,15.5435]]}},{"type":"Feature","properties":{"kind":"river","name":"Pampanga River"},"geometry":{"type":"LineString","coordinates":[[121.1284,15.5944],[121.1246,15.596],[121.1196,15.5932],[121.1107,15.5964],[121.1029,15.608],[121.0961,15.6032],[121.0948,15.5938],[121.0983,15.5905],[121.1089,15.5879],[121.1097,15.5853],[121.1059,15.5811],[121.094,15.5802],[121.0817,15.5835],[121.0868,15.5668]]}},{"type":"Feature","properties":{"kind":"river","name":"Pampanga River"},"geometry":{"type":"LineString","coordinates":[[120.7761,15.1838],[120.776,15.1838]]}},{"type":"Feature","properties":{"kind":"river","name":"Pampanga River"},"geometry":{"type":"LineString","coordinates":[[120.8232,15.2263],[120.8142,15.222],[120.8052,15.2277],[120.7967,15.206],[120.7873,15.201]]}},{"type":"Feature","properties":{"kind":"river","name":"Pampanga River"},"geometry":{"type":"LineString","coordinates":[[120.776,14.9598],[120.7782,14.9556],[120.7718,14.9513],[120.7645,14.9503]]}},{"type":"Feature","properties":{"kind":"river","name":"Pampanga River"},"geometry":{"type":"LineString","coordinates":[[120.7801,15.0097],[120.7745,15.005]]}},{"type":"Feature","properties":{"kind":"river","name":"Pampanga River"},"geometry":{"type":"LineString","coordinates":[[121.1278,15.6305],[121.1246,15.6246],[121.1263,15.6212],[121.13,15.6221],[121.1317,15.619]]}},{"type":"Feature","properties":{"kind":"river","name":"Pampanga River"},"geometry":{"type":"LineString","coordinates":[[121.0037,15.5435],[120.9942,15.5406]]}},{"type":"Feature","properties":{"kind":"river","name":"Pampanga River"},"geometry":{"type":"LineString","coordinates":[[121.1295,15.8401],[121.1177,15.8303],[121.1085,15.8154]]}},{"type":"Feature","properties":{"kind":"river","name":"Pampanga River"},"geometry":{"type":"LineString","coordinates":[[120.7427,14.9136],[120.7388,14.9037]]}},{"type":"Feature","properties":{"kind":"river","name":"Pampanga River"},"geometry":{"type":"LineString","coordinates":[[120.7608,14.9379],[120.7542,14.9289]]}},{"type":"Feature","properties":{"kind":"river","name":"Pampanga River"},"geometry":{"type":"LineString","coordinates":[[120.7141,14.8797],[120.711,14.8781]]}},{"type":"Feature","properties":{"kind":"river","name":"Pampanga River"},"geometry":{"type":"LineString","coordinates":[[120.7126,14.8815],[120.711,14.8781]]}},{"type":"Feature","properties":{"kind":"river","name":"Pampanga River"},"geometry":{"type":"LineString","coordinates":[[120.6737,14.8217],[120.6637,14.8141]]}},{"type":"Feature","properties":{"kind":"river","name":"Pampanga River"},"geometry":{"type":"LineString","coordinates":[[120.7192,14.8845],[120.7138,14.8824]]}},{"type":"Feature","properties":{"kind":"river","name":"Pampanga River"},"geometry":{"type":"LineString","coordinates":[[120.6626,14.7969],[120.6538,14.7687]]}},{"type":"Feature","properties":{"kind":"river","name":"Pampanga River"},"geometry":{"type":"LineString","coordinates":[[120.7312,14.8993],[120.729,14.8942]]}},{"type":"Feature","properties":{"kind":"river","name":"Pampanga River"},"geometry":{"type":"LineString","coordinates":[[120.7859,15.0323],[120.7796,15.033],[120.7783,15.0287]]}},{"type":"Feature","properties":{"kind":"river","name":"Pampanga River"},"geometry":{"type":"LineString","coordinates":[[120.7789,15.0249],[120.7779,15.0173]]}},{"type":"Feature","properties":{"kind":"river","name":"Pampanga River"},"geometry":{"type":"LineString","coordinates":[[120.7941,15.0371],[120.7894,15.0377]]}},{"type":"Feature","properties":{"kind":"river","name":"Pampanga River"},"geometry":{"type":"LineString","coordinates":[[120.7779,15.0173],[120.7787,15.0141]]}},{"type":"Feature","properties":{"kind":"river","name":"Pampanga River"},"geometry":{"type":"LineString","coordinates":[[120.7986,15.0485],[120.7988,15.0452],[120.7922,15.0421]]}},{"type":"Feature","properties":{"kind":"river","name":"Pampanga River"},"geometry":{"type":"LineString","coordinates":[[120.7963,15.0545],[120.7981,15.0497]]}},{"type":"Feature","properties":{"kind":"river","name":"Pampanga River"},"geometry":{"type":"LineString","coordinates":[[120.8177,15.0642],[120.8155,15.0619],[120.8066,15.0629]]}},{"type":"Feature","properties":{"kind":"river","name":"Pampanga River"},"geometry":{"type":"LineString","coordinates":[[120.8119,15.0697],[120.8106,15.0681]]}},{"type":"Feature","properties":{"kind":"river","name":"Pampanga River"},"geometry":{"type":"LineString","coordinates":[[120.7882,15.0382],[120.7847,15.0381]]}},{"type":"Feature","properties":{"kind":"river","name":"Pampanga River"},"geometry":{"type":"LineString","coordinates":[[120.7922,15.0419],[120.7941,15.0371]]}},{"type":"Feature","properties":{"kind":"river","name":"Pampanga River"},"geometry":{"type":"LineString","coordinates":[[120.7847,15.0381],[120.7849,15.0369]]}},{"type":"Feature","properties":{"kind":"river","name":"Pampanga River"},"geometry":{"type":"LineString","coordinates":[[121.1217,15.6348],[121.1276,15.6347],[121.1278,15.6305]]}},{"type":"Feature","properties":{"kind":"river","name":"Pampanga River"},"geometry":{"type":"LineString","coordinates":[[121.1276,15.6502],[121.1238,15.649],[121.1264,15.642],[121.1217,15.6348]]}},{"type":"Feature","properties":{"kind":"river","name":"Pampanga River"},"geometry":{"type":"LineString","coordinates":[[121.1266,15.6575],[121.1276,15.6502]]}},{"type":"Feature","properties":{"kind":"river","name":"Pampanga River"},"geometry":{"type":"LineString","coordinates":[[121.1258,15.6586],[121.1266,15.6575]]}},{"type":"Feature","properties":{"kind":"river","name":"Pampanga River"},"geometry":{"type":"LineString","coordinates":[[120.9089,15.3474],[120.9074,15.3444],[120.9091,15.3414],[120.9168,15.3438],[120.9228,15.3388],[120.9231,15.3229],[120.9164,15.3144],[120.9041,15.3137]]}},{"type":"Feature","properties":{"kind":"river","name":"Pampanga River"},"geometry":{"type":"LineString","coordinates":[[120.9041,15.3137],[120.892,15.3131]]}},{"type":"Feature","properties":{"kind":"river","name":"Pampanga River"},"geometry":{"type":"LineString","coordinates":[[120.892,15.3131],[120.881,15.3025],[120.8697,15.3054],[120.8638,15.2936]]}},{"type":"Feature","properties":{"kind":"river","name":"Pampanga River"},"geometry":{"type":"LineString","coordinates":[[120.8317,15.2513],[120.8261,15.246],[120.8283,15.2324],[120.8232,15.2263]]}},{"type":"Feature","properties":{"kind":"river","name":"Pampanga River"},"geometry":{"type":"LineString","coordinates":[[120.7238,14.8933],[120.7216,14.8904]]}},{"type":"Feature","properties":{"kind":"river","name":"Pampanga River"},"geometry":{"type":"LineString","coordinates":[[120.7266,14.8936],[120.7244,14.8935]]}},{"type":"Feature","properties":{"kind":"river","name":"Pampanga River"},"geometry":{"type":"LineString","coordinates":[[120.7673,14.9202],[120.7657,14.9201]]}},{"type":"Feature","properties":{"kind":"river","name":"Pampanga River"},"geometry":{"type":"LineString","coordinates":[[120.7601,14.916],[120.7582,14.915]]}},{"type":"Feature","properties":{"kind":"river","name":"Pampanga River"},"geometry":{"type":"LineString","coordinates":[[120.7461,14.9178],[120.7442,14.9154]]}},{"type":"Feature","properties":{"kind":"river","name":"Pampanga River"},"geometry":{"type":"LineString","coordinates":[[120.7388,14.9037],[120.7318,14.8999]]}},{"type":"Feature","properties":{"kind":"river","name":"Pampanga River"},"geometry":{"type":"LineString","coordinates":[[120.7657,14.9201],[120.7632,14.9189]]}},{"type":"Feature","properties":{"kind":"river","name":"Pampanga River"},"geometry":{"type":"LineString","coordinates":[[120.772,14.9233],[120.7679,14.9202]]}},{"type":"Feature","properties":{"kind":"river","name":"Pampanga River"},"geometry":{"type":"LineString","coordinates":[[120.7442,14.9154],[120.7427,14.9136]]}},{"type":"Feature","properties":{"kind":"river","name":"Pampanga River"},"geometry":{"type":"LineString","coordinates":[[120.729,14.8942],[120.7266,14.8936]]}},{"type":"Feature","properties":{"kind":"river","name":"Pampanga River"},"geometry":{"type":"LineString","coordinates":[[120.7679,14.9202],[120.7673,14.9202]]}},{"type":"Feature","properties":{"kind":"river","name":"Pampanga River"},"geometry":{"type":"LineString","coordinates":[[120.7783,15.0287],[120.7789,15.0249]]}},{"type":"Feature","properties":{"kind":"river","name":"Pampanga River"},"geometry":{"type":"LineString","coordinates":[[120.7849,15.0369],[120.7859,15.0323]]}},{"type":"Feature","properties":{"kind":"river","name":"Pampanga River"},"geometry":{"type":"LineString","coordinates":[[120.7922,15.0421],[120.7922,15.0419]]}},{"type":"Feature","properties":{"kind":"river","name":"Pampanga River"},"geometry":{"type":"LineString","coordinates":[[120.8066,15.0629],[120.8051,15.062]]}},{"type":"Feature","properties":{"kind":"river","name":"Pampanga River"},"geometry":{"type":"LineString","coordinates":[[120.7981,15.0497],[120.7986,15.0485]]}},{"type":"Feature","properties":{"kind":"river","name":"Pampanga River"},"geometry":{"type":"LineString","coordinates":[[120.8106,15.0681],[120.8106,15.0674]]}},{"type":"Feature","properties":{"kind":"river","name":"Pampanga River"},"geometry":{"type":"LineString","coordinates":[[120.7894,15.0377],[120.7882,15.0382]]}},{"type":"Feature","properties":{"kind":"river","name":"Pampanga River"},"geometry":{"type":"LineString","coordinates":[[120.7818,15.0003],[120.7817,14.9968]]}},{"type":"Feature","properties":{"kind":"river","name":"Pampanga River"},"geometry":{"type":"LineString","coordinates":[[120.7745,15.005],[120.7818,15.0003]]}},{"type":"Feature","properties":{"kind":"river","name":"Pampanga River"},"geometry":{"type":"LineString","coordinates":[[120.7813,14.9956],[120.7798,14.9916],[120.7837,14.987],[120.7823,14.983]]}},{"type":"Feature","properties":{"kind":"river","name":"Pampanga River"},"geometry":{"type":"LineString","coordinates":[[120.7817,14.9968],[120.7813,14.9956]]}},{"type":"Feature","properties":{"kind":"river","name":"Pampanga River"},"geometry":{"type":"LineString","coordinates":[[120.7823,14.983],[120.7815,14.9811]]}},{"type":"Feature","properties":{"kind":"river","name":"Pampanga River"},"geometry":{"type":"LineString","coordinates":[[120.7787,15.0141],[120.7801,15.0097]]}},{"type":"Feature","properties":{"kind":"river","name":"Pampanga River"},"geometry":{"type":"LineString","coordinates":[[120.8227,15.0918],[120.8222,15.0919]]}},{"type":"Feature","properties":{"kind":"river","name":"Pampanga River"},"geometry":{"type":"LineString","coordinates":[[120.8249,15.097],[120.8251,15.0963]]}},{"type":"Feature","properties":{"kind":"river","name":"Pampanga River"},"geometry":{"type":"LineString","coordinates":[[120.8243,15.0932],[120.8237,15.0924]]}},{"type":"Feature","properties":{"kind":"river","name":"Pampanga River"},"geometry":{"type":"LineString","coordinates":[[120.8223,15.1239],[120.8232,15.1234]]}},{"type":"Feature","properties":{"kind":"river","name":"Pampanga River"},"geometry":{"type":"LineString","coordinates":[[120.8183,15.1],[120.8249,15.097]]}},{"type":"Feature","properties":{"kind":"river","name":"Pampanga River"},"geometry":{"type":"LineString","coordinates":[[120.8232,15.1234],[120.8205,15.119]]}},{"type":"Feature","properties":{"kind":"river","name":"Pampanga River"},"geometry":{"type":"LineString","coordinates":[[120.8155,15.0939],[120.8146,15.0932]]}},{"type":"Feature","properties":{"kind":"river","name":"Pampanga River"},"geometry":{"type":"LineString","coordinates":[[120.8168,15.0938],[120.8155,15.0939]]}},{"type":"Feature","properties":{"kind":"river","name":"Pampanga River"},"geometry":{"type":"LineString","coordinates":[[120.7815,14.9811],[120.7841,14.9643],[120.7755,14.961]]}},{"type":"Feature","properties":{"kind":"river","name":"Pampanga River"},"geometry":{"type":"LineString","coordinates":[[120.7645,14.9503],[120.7611,14.9476],[120.7648,14.9438]]}},{"type":"Feature","properties":{"kind":"river","name":"Pampanga River"},"geometry":{"type":"LineString","coordinates":[[120.7755,14.961],[120.776,14.9598]]}},{"type":"Feature","properties":{"kind":"river","name":"Pampanga River"},"geometry":{"type":"LineString","coordinates":[[120.7644,14.9404],[120.7608,14.9379]]}},{"type":"Feature","properties":{"kind":"river","name":"Pampanga River"},"geometry":{"type":"LineString","coordinates":[[120.7648,14.9438],[120.7644,14.9404]]}},{"type":"Feature","properties":{"kind":"river","name":"Pampanga River"},"geometry":{"type":"LineString","coordinates":[[120.7954,15.1398],[120.7986,15.1427],[120.805,15.142],[120.8083,15.1474],[120.8133,15.1484],[120.8158,15.146],[120.8132,15.1352]]}},{"type":"Feature","properties":{"kind":"river","name":"Pampanga River"},"geometry":{"type":"LineString","coordinates":[[120.7812,15.142],[120.7857,15.1376],[120.7934,15.1378]]}},{"type":"Feature","properties":{"kind":"river","name":"Pampanga River"},"geometry":{"type":"LineString","coordinates":[[120.7858,15.1573],[120.7871,15.1507]]}},{"type":"Feature","properties":{"kind":"river","name":"Pampanga River"},"geometry":{"type":"LineString","coordinates":[[120.786,15.1479],[120.7812,15.142]]}},{"type":"Feature","properties":{"kind":"river","name":"Pampanga River"},"geometry":{"type":"LineString","coordinates":[[120.776,15.1838],[120.7727,15.1765],[120.7738,15.1724]]}},{"type":"Feature","properties":{"kind":"river","name":"Pampanga River"},"geometry":{"type":"LineString","coordinates":[[120.7738,15.1724],[120.7824,15.167]]}},{"type":"Feature","properties":{"kind":"river","name":"Pampanga River"},"geometry":{"type":"LineString","coordinates":[[120.7871,15.1507],[120.786,15.1479]]}},{"type":"Feature","properties":{"kind":"river","name":"Pampanga River"},"geometry":{"type":"LineString","coordinates":[[120.7857,15.158],[120.7858,15.1573]]}},{"type":"Feature","properties":{"kind":"river","name":"Pampanga River"},"geometry":{"type":"LineString","coordinates":[[120.786,15.2],[120.7761,15.1838]]}},{"type":"Feature","properties":{"kind":"river","name":"Pampanga River"},"geometry":{"type":"LineString","coordinates":[[120.7873,15.201],[120.786,15.2]]}},{"type":"Feature","properties":{"kind":"river","name":"Pampanga River"},"geometry":{"type":"LineString","coordinates":[[120.7934,15.1378],[120.7954,15.1398]]}},{"type":"Feature","properties":{"kind":"river","name":"Pampanga River"},"geometry":{"type":"LineString","coordinates":[[120.7824,15.167],[120.7844,15.1643]]}},{"type":"Feature","properties":{"kind":"river","name":"Pampanga River"},"geometry":{"type":"LineString","coordinates":[[120.7216,14.8904],[120.72,14.8876]]}},{"type":"Feature","properties":{"kind":"river","name":"Pampanga River"},"geometry":{"type":"LineString","coordinates":[[120.7138,14.8824],[120.7126,14.8815]]}},{"type":"Feature","properties":{"kind":"river","name":"Pampanga River"},"geometry":{"type":"LineString","coordinates":[[120.7192,14.8845],[120.7193,14.8836]]}},{"type":"Feature","properties":{"kind":"river","name":"Pampanga River"},"geometry":{"type":"LineString","coordinates":[[120.7244,14.8935],[120.7238,14.8933]]}},{"type":"Feature","properties":{"kind":"river","name":"Pampanga River"},"geometry":{"type":"LineString","coordinates":[[120.6637,14.8141],[120.6626,14.7969]]}},{"type":"Feature","properties":{"kind":"river","name":"Pampanga River"},"geometry":{"type":"LineString","coordinates":[[120.7318,14.8999],[120.7312,14.8993]]}},{"type":"Feature","properties":{"kind":"river","name":"Pampanga River"},"geometry":{"type":"LineString","coordinates":[[120.7073,14.8681],[120.7051,14.861]]}},{"type":"Feature","properties":{"kind":"river","name":"Pampanga River"},"geometry":{"type":"LineString","coordinates":[[120.7051,14.861],[120.6948,14.8532]]}},{"type":"Feature","properties":{"kind":"river","name":"Pampanga River"},"geometry":{"type":"LineString","coordinates":[[120.6907,14.849],[120.6885,14.8448]]}},{"type":"Feature","properties":{"kind":"river","name":"Pampanga River"},"geometry":{"type":"LineString","coordinates":[[120.711,14.8781],[120.7102,14.8738]]}},{"type":"Feature","properties":{"kind":"river","name":"Pampanga River"},"geometry":{"type":"LineString","coordinates":[[120.7102,14.8738],[120.7073,14.8681]]}},{"type":"Feature","properties":{"kind":"river","name":"Pampanga River"},"geometry":{"type":"LineString","coordinates":[[120.6821,14.8322],[120.6784,14.8267]]}},{"type":"Feature","properties":{"kind":"river","name":"Pampanga River"},"geometry":{"type":"LineString","coordinates":[[120.6835,14.8349],[120.6829,14.8338]]}},{"type":"Feature","properties":{"kind":"river","name":"Pampanga River"},"geometry":{"type":"LineString","coordinates":[[120.6948,14.8532],[120.6926,14.8515]]}},{"type":"Feature","properties":{"kind":"river","name":"Pampanga River"},"geometry":{"type":"LineString","coordinates":[[120.6829,14.8338],[120.6821,14.8322]]}},{"type":"Feature","properties":{"kind":"river","name":"Pampanga River"},"geometry":{"type":"LineString","coordinates":[[120.6784,14.8267],[120.6737,14.8217]]}},{"type":"Feature","properties":{"kind":"river","name":"Pampanga River"},"geometry":{"type":"LineString","coordinates":[[120.6926,14.8515],[120.6907,14.849]]}},{"type":"Feature","properties":{"kind":"river","name":"Pampanga River"},"geometry":{"type":"LineString","coordinates":[[120.6885,14.8448],[120.6878,14.8437]]}},{"type":"Feature","properties":{"kind":"river","name":"Pasig River"},"geometry":{"type":"LineString","coordinates":[[120.9928,14.5913],[120.9905,14.5897]]}},{"type":"Feature","properties":{"kind":"river","name":"Pasig River"},"geometry":{"type":"LineString","coordinates":[[121.0078,14.583],[121.0075,14.587],[121.0129,14.5895]]}},{"type":"Feature","properties":{"kind":"river","name":"Pasig River"},"geometry":{"type":"LineString","coordinates":[[120.9996,14.5966],[120.9962,14.5952]]}},{"type":"Feature","properties":{"kind":"river","name":"Pasig River"},"geometry":{"type":"LineString","coordinates":[[121.0182,14.5868],[121.0125,14.5838]]}},{"type":"Feature","properties":{"kind":"river","name":"Pasig River"},"geometry":{"type":"LineString","coordinates":[[121.0179,14.5793],[121.0177,14.5794]]}},{"type":"Feature","properties":{"kind":"river","name":"Pasig River"},"geometry":{"type":"LineString","coordinates":[[121.0176,14.5795],[121.0195,14.5838]]}},{"type":"Feature","properties":{"kind":"river","name":"Pasig River"},"geometry":{"type":"LineString","coordinates":[[121.0195,14.5838],[121.0204,14.5858]]}},{"type":"Feature","properties":{"kind":"river","name":"Pasig River"},"geometry":{"type":"LineString","coordinates":[[121.0529,14.5671],[121.0516,14.5679]]}},{"type":"Feature","properties":{"kind":"river","name":"Pasig River"},"geometry":{"type":"LineString","coordinates":[[121.0669,14.5591],[121.0662,14.5606]]}},{"type":"Feature","properties":{"kind":"river","name":"Pasig River"},"geometry":{"type":"LineString","coordinates":[[120.9797,14.597],[120.9784,14.5964]]}},{"type":"Feature","properties":{"kind":"river","name":"Pasig River"},"geometry":{"type":"LineString","coordinates":[[120.9928,14.5913],[120.9863,14.5913]]}},{"type":"Feature","properties":{"kind":"river","name":"Pasig River"},"geometry":{"type":"LineString","coordinates":[[120.9808,14.5968],[120.9797,14.597]]}},{"type":"Feature","properties":{"kind":"river","name":"Pasig River"},"geometry":{"type":"LineString","coordinates":[[120.9773,14.5958],[120.9748,14.5953]]}},{"type":"Feature","properties":{"kind":"river","name":"Pasig River"},"geometry":{"type":"LineString","coordinates":[[120.9748,14.5953],[120.9673,14.5959]]}},{"type":"Feature","properties":{"kind":"river","name":"Pasig River"},"geometry":{"type":"LineString","coordinates":[[120.9673,14.5959],[120.9629,14.5958]]}},{"type":"Feature","properties":{"kind":"river","name":"Pasig River"},"geometry":{"type":"LineString","coordinates":[[121.0516,14.5679],[121.0494,14.5685]]}},{"type":"Feature","properties":{"kind":"river","name":"Pasig River"},"geometry":{"type":"LineString","coordinates":[[121.0494,14.5685],[121.0487,14.5685]]}},{"type":"Feature","properties":{"kind":"river","name":"Pasig River"},"geometry":{"type":"LineString","coordinates":[[121.0471,14.5684],[121.046,14.5685]]}},{"type":"Feature","properties":{"kind":"river","name":"Pasig River"},"geometry":{"type":"LineString","coordinates":[[121.046,14.5685],[121.0433,14.5688]]}},{"type":"Feature","properties":{"kind":"river","name":"Pasig River"},"geometry":{"type":"LineString","coordinates":[[121.0433,14.5688],[121.0403,14.5681]]}},{"type":"Feature","properties":{"kind":"river","name":"Pasig River"},"geometry":{"type":"LineString","coordinates":[[121.0383,14.5676],[121.0375,14.5674]]}},{"type":"Feature","properties":{"kind":"river","name":"Pasig River"},"geometry":{"type":"LineString","coordinates":[[121.0403,14.5681],[121.0383,14.5676]]}},{"type":"Feature","properties":{"kind":"river","name":"Pasig River"},"geometry":{"type":"LineString","coordinates":[[121.0375,14.5674],[121.0339,14.5675]]}},{"type":"Feature","properties":{"kind":"river","name":"Pasig River"},"geometry":{"type":"LineString","coordinates":[[121.0275,14.5731],[121.0267,14.5738]]}},{"type":"Feature","properties":{"kind":"river","name":"Pasig River"},"geometry":{"type":"LineString","coordinates":[[121.0256,14.5745],[121.0251,14.5749]]}},{"type":"Feature","properties":{"kind":"river","name":"Pasig River"},"geometry":{"type":"LineString","coordinates":[[121.0251,14.5749],[121.0225,14.5765]]}},{"type":"Feature","properties":{"kind":"river","name":"Pasig River"},"geometry":{"type":"LineString","coordinates":[[121.0213,14.5772],[121.0179,14.5793]]}},{"type":"Feature","properties":{"kind":"river","name":"Pasig River"},"geometry":{"type":"LineString","coordinates":[[121.0026,14.5963],[121.0014,14.5959]]}},{"type":"Feature","properties":{"kind":"river","name":"Pasig River"},"geometry":{"type":"LineString","coordinates":[[121.1017,14.5358],[121.0947,14.545]]}},{"type":"Feature","properties":{"kind":"river","name":"Pasig River"},"geometry":{"type":"LineString","coordinates":[[121.0554,14.5657],[121.0529,14.5671]]}},{"type":"Feature","properties":{"kind":"river","name":"Pasig River"},"geometry":{"type":"LineString","coordinates":[[121.0662,14.5606],[121.0649,14.561]]}},{"type":"Feature","properties":{"kind":"river","name":"Pasig River"},"geometry":{"type":"LineString","coordinates":[[121.0669,14.5577],[121.0669,14.5591]]}},{"type":"Feature","properties":{"kind":"river","name":"Pasig River"},"geometry":{"type":"LineString","coordinates":[[121.0947,14.545],[121.0928,14.5525],[121.0881,14.5529]]}},{"type":"Feature","properties":{"kind":"river","name":"Pasig River"},"geometry":{"type":"LineString","coordinates":[[121.079,14.5537],[121.0742,14.5547]]}},{"type":"Feature","properties":{"kind":"river","name":"Pasig River"},"geometry":{"type":"LineString","coordinates":[[121.0649,14.561],[121.0554,14.5657]]}},{"type":"Feature","properties":{"kind":"river","name":"Pasig River"},"geometry":{"type":"LineString","coordinates":[[121.0145,14.5902],[121.0159,14.5926],[121.0113,14.5952]]}},{"type":"Feature","properties":{"kind":"river","name":"Pasig River"},"geometry":{"type":"LineString","coordinates":[[120.9817,14.5961],[120.9808,14.5968]]}},{"type":"Feature","properties":{"kind":"river","name":"Pasig River"},"geometry":{"type":"LineString","coordinates":[[120.9962,14.5952],[120.9928,14.5913]]}},{"type":"Feature","properties":{"kind":"river","name":"Pasig River"},"geometry":{"type":"LineString","coordinates":[[121.1084,14.5262],[121.1059,14.5273],[121.1064,14.5317],[121.1041,14.5339]]}},{"type":"Feature","properties":{"kind":"river","name":"Pasig River"},"geometry":{"type":"LineString","coordinates":[[121.0225,14.5765],[121.0219,14.5769]]}},{"type":"Feature","properties":{"kind":"river","name":"Pasig River"},"geometry":{"type":"LineString","coordinates":[[120.9863,14.5909],[120.9863,14.5913]]}},{"type":"Feature","properties":{"kind":"river","name":"Pasig River"},"geometry":{"type":"LineString","coordinates":[[120.9863,14.5913],[120.9828,14.5947]]}},{"type":"Feature","properties":{"kind":"river","name":"Pasig River"},"geometry":{"type":"LineString","coordinates":[[121.0129,14.5895],[121.0145,14.5902]]}},{"type":"Feature","properties":{"kind":"river","name":"Pasig River"},"geometry":{"type":"LineString","coordinates":[[121.0014,14.5959],[120.9996,14.5966]]}},{"type":"Feature","properties":{"kind":"river","name":"Pasig River"},"geometry":{"type":"LineString","coordinates":[[120.9905,14.5897],[120.9863,14.5909]]}},{"type":"Feature","properties":{"kind":"river","name":"Pasig River"},"geometry":{"type":"LineString","coordinates":[[121.0125,14.5838],[121.0121,14.5833]]}},{"type":"Feature","properties":{"kind":"river","name":"Pasig River"},"geometry":{"type":"LineString","coordinates":[[121.0114,14.5826],[121.0104,14.582]]}},{"type":"Feature","properties":{"kind":"river","name":"Pasig River"},"geometry":{"type":"LineString","coordinates":[[121.0104,14.582],[121.0078,14.583]]}},{"type":"Feature","properties":{"kind":"river","name":"Pasig River"},"geometry":{"type":"LineString","coordinates":[[121.033,14.5683],[121.0275,14.5731]]}},{"type":"Feature","properties":{"kind":"river","name":"Pasig River"},"geometry":{"type":"LineString","coordinates":[[121.0339,14.5675],[121.033,14.5683]]}},{"type":"Feature","properties":{"kind":"river","name":"Pasig River"},"geometry":{"type":"LineString","coordinates":[[121.0267,14.5738],[121.0256,14.5745]]}},{"type":"Feature","properties":{"kind":"river","name":"Pasig River"},"geometry":{"type":"LineString","coordinates":[[121.0189,14.587],[121.0182,14.5868]]}},{"type":"Feature","properties":{"kind":"river","name":"Pasig River"},"geometry":{"type":"LineString","coordinates":[[121.02,14.5864],[121.0189,14.587]]}},{"type":"Feature","properties":{"kind":"river","name":"Pasig River"},"geometry":{"type":"LineString","coordinates":[[121.0121,14.5833],[121.0114,14.5826]]}},{"type":"Feature","properties":{"kind":"river","name":"Pasig River"},"geometry":{"type":"LineString","coordinates":[[121.0095,14.5961],[121.0026,14.5963]]}},{"type":"Feature","properties":{"kind":"river","name":"Pasig River"},"geometry":{"type":"LineString","coordinates":[[121.0113,14.5952],[121.0095,14.5961]]}},{"type":"Feature","properties":{"kind":"river","name":"Pasig River"},"geometry":{"type":"LineString","coordinates":[[120.9784,14.5964],[120.9773,14.5958]]}},{"type":"Feature","properties":{"kind":"river","name":"Pasig River"},"geometry":{"type":"LineString","coordinates":[[121.1041,14.5339],[121.1017,14.5358]]}},{"type":"Feature","properties":{"kind":"river","name":"Pasig River"},"geometry":{"type":"LineString","coordinates":[[121.0487,14.5685],[121.0471,14.5684]]}},{"type":"Feature","properties":{"kind":"river","name":"Pasig River"},"geometry":{"type":"LineString","coordinates":[[120.9828,14.5947],[120.9821,14.5956]]}},{"type":"Feature","properties":{"kind":"river","name":"Pasig River"},"geometry":{"type":"LineString","coordinates":[[121.0219,14.5769],[121.0213,14.5772]]}},{"type":"Feature","properties":{"kind":"river","name":"Pasig River"},"geometry":{"type":"LineString","coordinates":[[120.9629,14.5958],[120.9604,14.5957]]}},{"type":"Feature","properties":{"kind":"river","name":"Pasig River"},"geometry":{"type":"LineString","coordinates":[[120.9821,14.5956],[120.9817,14.5961]]}},{"type":"Feature","properties":{"kind":"river","name":"Pasig River"},"geometry":{"type":"LineString","coordinates":[[121.0204,14.5858],[121.02,14.5864]]}},{"type":"Feature","properties":{"kind":"river","name":"Pasig River"},"geometry":{"type":"LineString","coordinates":[[121.0881,14.5529],[121.079,14.5537]]}},{"type":"Feature","properties":{"kind":"river","name":"Pasig River"},"geometry":{"type":"LineString","coordinates":[[121.0177,14.5794],[121.0176,14.5795]]}},{"type":"Feature","properties":{"kind":"river","name":"Marikina River"},"geometry":{"type":"LineString","coordinates":[[121.1917,14.728],[121.1805,14.7343],[121.1742,14.7337],[121.1729,14.738],[121.163,14.7336],[121.1546,14.7373],[121.1474,14.7366]]}},{"type":"Feature","properties":{"kind":"river","name":"Marikina River"},"geometry":{"type":"LineString","coordinates":[[121.2025,14.7006],[121.1984,14.7031],[121.201,14.7068],[121.197,14.7122],[121.1987,14.7201],[121.195,14.7254]]}},{"type":"Feature","properties":{"kind":"river","name":"Marikina River"},"geometry":{"type":"LineString","coordinates":[[121.0722,14.56],[121.0669,14.5591]]}},{"type":"Feature","properties":{"kind":"river","name":"Marikina River"},"geometry":{"type":"LineString","coordinates":[[121.0877,14.6269],[121.0841,14.6303]]}},{"type":"Feature","properties":{"kind":"river","name":"Marikina River"},"geometry":{"type":"LineString","coordinates":[[121.0787,14.6173],[121.0784,14.6155]]}},{"type":"Feature","properties":{"kind":"river","name":"Marikina River"},"geometry":{"type":"LineString","coordinates":[[121.0789,14.6177],[121.0787,14.6173]]}},{"type":"Feature","properties":{"kind":"river","name":"Marikina River"},"geometry":{"type":"LineString","coordinates":[[121.0812,14.6203],[121.0789,14.6177]]}},{"type":"Feature","properties":{"kind":"river","name":"Marikina River"},"geometry":{"type":"LineString","coordinates":[[121.0809,14.5788],[121.0785,14.5764]]}},{"type":"Feature","properties":{"kind":"river","name":"Marikina River"},"geometry":{"type":"LineString","coordinates":[[121.0824,14.6018],[121.0824,14.5963]]}},{"type":"Feature","properties":{"kind":"river","name":"Marikina River"},"geometry":{"type":"LineString","coordinates":[[121.0884,14.6054],[121.09,14.5993],[121.0846,14.6033],[121.0824,14.6018]]}},{"type":"Feature","properties":{"kind":"river","name":"Marikina River"},"geometry":{"type":"LineString","coordinates":[[121.0823,14.6265],[121.0812,14.6203]]}},{"type":"Feature","properties":{"kind":"river","name":"Marikina River"},"geometry":{"type":"LineString","coordinates":[[121.0841,14.6303],[121.0823,14.6265]]}},{"type":"Feature","properties":{"kind":"river","name":"Marikina River"},"geometry":{"type":"LineString","coordinates":[[121.0917,14.6406],[121.0934,14.6342]]}},{"type":"Feature","properties":{"kind":"river","name":"Marikina River"},"geometry":{"type":"LineString","coordinates":[[121.0934,14.6253],[121.0908,14.6243],[121.0877,14.6269]]}},{"type":"Feature","properties":{"kind":"river","name":"Marikina River"},"geometry":{"type":"LineString","coordinates":[[121.094,14.6299],[121.0934,14.6253]]}},{"type":"Feature","properties":{"kind":"river","name":"Marikina River"},"geometry":{"type":"LineString","coordinates":[[121.0934,14.6342],[121.094,14.6299]]}},{"type":"Feature","properties":{"kind":"river","name":"Marikina River"},"geometry":{"type":"LineString","coordinates":[[121.0896,14.6469],[121.0917,14.6406]]}},{"type":"Feature","properties":{"kind":"river","name":"Marikina River"},"geometry":{"type":"LineString","coordinates":[[121.0984,14.6652],[121.0978,14.6638]]}},{"type":"Feature","properties":{"kind":"river","name":"Marikina River"},"geometry":{"type":"LineString","coordinates":[[121.0989,14.6683],[121.0984,14.6652]]}},{"type":"Feature","properties":{"kind":"river","name":"Marikina River"},"geometry":{"type":"LineString","coordinates":[[121.1066,14.6758],[121.0989,14.6683]]}},{"type":"Feature","properties":{"kind":"river","name":"Marikina River"},"geometry":{"type":"LineString","coordinates":[[121.1474,14.7366],[121.1335,14.7365],[121.1304,14.7336]]}},{"type":"Feature","properties":{"kind":"river","name":"Marikina River"},"geometry":{"type":"LineString","coordinates":[[121.0972,14.6629],[121.096,14.661]]}},{"type":"Feature","properties":{"kind":"river","name":"Marikina River"},"geometry":{"type":"LineString","coordinates":[[121.0789,14.6142],[121.0827,14.6104]]}},{"type":"Feature","properties":{"kind":"river","name":"Marikina River"},"geometry":{"type":"LineString","coordinates":[[121.1304,14.7336],[121.1296,14.7245],[121.1253,14.7207],[121.1238,14.7148],[121.1245,14.7073],[121.1199,14.7063],[121.1199,14.6983],[121.1139,14.6981]]}},{"type":"Feature","properties":{"kind":"river","name":"Marikina River"},"geometry":{"type":"LineString","coordinates":[[121.1115,14.693],[121.1121,14.6847],[121.1066,14.6758]]}},{"type":"Feature","properties":{"kind":"river","name":"Marikina River"},"geometry":{"type":"LineString","coordinates":[[121.087,14.6074],[121.0884,14.6054]]}},{"type":"Feature","properties":{"kind":"river","name":"Marikina River"},"geometry":{"type":"LineString","coordinates":[[121.096,14.661],[121.0953,14.654]]}},{"type":"Feature","properties":{"kind":"river","name":"Marikina River"},"geometry":{"type":"LineString","coordinates":[[121.0831,14.5904],[121.0822,14.5816]]}},{"type":"Feature","properties":{"kind":"river","name":"Marikina River"},"geometry":{"type":"LineString","coordinates":[[121.0785,14.5764],[121.0744,14.5703]]}},{"type":"Feature","properties":{"kind":"river","name":"Marikina River"},"geometry":{"type":"LineString","coordinates":[[121.0978,14.6638],[121.0972,14.6629]]}},{"type":"Feature","properties":{"kind":"river","name":"Marikina River"},"geometry":{"type":"LineString","coordinates":[[121.0824,14.5963],[121.0831,14.5904]]}},{"type":"Feature","properties":{"kind":"river","name":"Marikina River"},"geometry":{"type":"LineString","coordinates":[[121.1139,14.6981],[121.1115,14.693]]}},{"type":"Feature","properties":{"kind":"river","name":"Marikina River"},"geometry":{"type":"LineString","coordinates":[[121.0744,14.5703],[121.0734,14.5648]]}},{"type":"Feature","properties":{"kind":"river","name":"Marikina River"},"geometry":{"type":"LineString","coordinates":[[121.0734,14.5648],[121.0728,14.5616]]}},{"type":"Feature","properties":{"kind":"river","name":"Marikina River"},"geometry":{"type":"LineString","coordinates":[[121.0728,14.5616],[121.0722,14.56]]}},{"type":"Feature","properties":{"kind":"river","name":"Marikina River"},"geometry":{"type":"LineString","coordinates":[[121.0822,14.5816],[121.0812,14.5792]]}},{"type":"Feature","properties":{"kind":"river","name":"Marikina River"},"geometry":{"type":"LineString","coordinates":[[121.0812,14.5792],[121.0809,14.5788]]}},{"type":"Feature","properties":{"kind":"river","name":"Marikina River"},"geometry":{"type":"LineString","coordinates":[[121.0827,14.6104],[121.0847,14.6091]]}},{"type":"Feature","properties":{"kind":"river","name":"Marikina River"},"geometry":{"type":"LineString","coordinates":[[121.0784,14.6155],[121.0789,14.6142]]}},{"type":"Feature","properties":{"kind":"river","name":"Marikina River"},"geometry":{"type":"LineString","coordinates":[[121.0847,14.6091],[121.087,14.6074]]}},{"type":"Feature","properties":{"kind":"river","name":"Marikina River"},"geometry":{"type":"LineString","coordinates":[[121.2035,14.7],[121.2025,14.7006]]}},{"type":"Feature","properties":{"kind":"river","name":"Marikina River"},"geometry":{"type":"LineString","coordinates":[[121.1918,14.728],[121.1917,14.728]]}},{"type":"Feature","properties":{"kind":"river","name":"Marikina River"},"geometry":{"type":"LineString","coordinates":[[121.2106,14.7035],[121.2071,14.6992],[121.2035,14.7]]}},{"type":"Feature","properties":{"kind":"river","name":"Marikina River"},"geometry":{"type":"LineString","coordinates":[[121.1927,14.7276],[121.1918,14.728]]}},{"type":"Feature","properties":{"kind":"river","name":"Marikina River"},"geometry":{"type":"LineString","coordinates":[[121.195,14.7254],[121.1927,14.7276]]}},{"type":"Feature","properties":{"kind":"river","name":"Marikina River"},"geometry":{"type":"LineString","coordinates":[[121.195,14.7254],[121.1927,14.7276]]}},{"type":"Feature","properties":{"kind":"river","name":"Marikina River"},"geometry":{"type":"LineString","coordinates":[[121.0953,14.654],[121.0934,14.653]]}},{"type":"Feature","properties":{"kind":"river","name":"Marikina River"},"geometry":{"type":"LineString","coordinates":[[121.0934,14.653],[121.0895,14.6509],[121.0896,14.6469]]}},{"type":"Feature","properties":{"kind":"river","name":"Bicol River"},"geometry":{"type":"LineString","coordinates":[[123.3377,13.3685],[123.3404,13.3726],[123.3403,13.3802],[123.3376,13.3818],[123.3391,13.3846],[123.3352,13.3872],[123.3312,13.3857],[123.3314,13.3907],[123.3268,13.3897],[123.3314,13.3968],[123.3272,13.4041],[123.3204,13.4098],[123.3246,13.4169],[123.3212,13.4162],[123.3199,13.4182],[123.3178,13.4164],[123.3174,13.4192],[123.3121,13.4213]]}},{"type":"Feature","properties":{"kind":"river","name":"Bicol River"},"geometry":{"type":"LineString","coordinates":[[123.1925,13.5535],[123.1846,13.5603]]}},{"type":"Feature","properties":{"kind":"river","name":"Bicol River"},"geometry":{"type":"LineString","coordinates":[[123.272,13.4525],[123.2697,13.4533],[123.2708,13.4596],[123.2674,13.4567]]}},{"type":"Feature","properties":{"kind":"river","name":"Bicol River"},"geometry":{"type":"LineString","coordinates":[[123.1947,13.5423],[123.1967,13.545]]}},{"type":"Feature","properties":{"kind":"river","name":"Bicol River"},"geometry":{"type":"LineString","coordinates":[[123.2049,13.5029],[123.2015,13.5089],[123.2035,13.5133],[123.1995,13.5133],[123.1976,13.5157],[123.2018,13.5209],[123.1989,13.5242],[123.2026,13.5285],[123.1999,13.5318]]}},{"type":"Feature","properties":{"kind":"river","name":"Bicol River"},"geometry":{"type":"LineString","coordinates":[[123.1896,13.5842],[123.186,13.5944],[123.1788,13.5989],[123.1819,13.6012],[123.1867,13.6002],[123.1851,13.6142],[123.165,13.6191]]}},{"type":"Feature","properties":{"kind":"river","name":"Bicol River"},"geometry":{"type":"LineString","coordinates":[[123.137,13.6023],[123.1194,13.6178]]}},{"type":"Feature","properties":{"kind":"river","name":"Bicol River"},"geometry":{"type":"LineString","coordinates":[[123.112,13.6503],[123.1108,13.6733]]}},{"type":"Feature","properties":{"kind":"river","name":"Bicol River"},"geometry":{"type":"LineString","coordinates":[[123.1194,13.6178],[123.1114,13.6321]]}},{"type":"Feature","properties":{"kind":"river","name":"Bicol River"},"geometry":{"type":"LineString","coordinates":[[123.1007,13.6722],[123.1108,13.6733]]}},{"type":"Feature","properties":{"kind":"river","name":"Bicol River"},"geometry":{"type":"LineString","coordinates":[[123.1108,13.6733],[123.1187,13.6906]]}},{"type":"Feature","properties":{"kind":"river","name":"Bicol River"},"geometry":{"type":"LineString","coordinates":[[123.1924,13.554],[123.1915,13.5543]]}},{"type":"Feature","properties":{"kind":"river","name":"Bicol River"},"geometry":{"type":"LineString","coordinates":[[123.2851,13.4445],[123.2822,13.4413],[123.283,13.4436],[123.2791,13.4503],[123.2721,13.4481],[123.272,13.4525]]}},{"type":"Feature","properties":{"kind":"river","name":"Bicol River"},"geometry":{"type":"LineString","coordinates":[[123.2941,13.4457],[123.2915,13.4478],[123.2913,13.4443],[123.2851,13.4445]]}},{"type":"Feature","properties":{"kind":"river","name":"Bicol River"},"geometry":{"type":"LineString","coordinates":[[123.165,13.6191],[123.1527,13.6178],[123.1507,13.6233],[123.1467,13.6198],[123.1383,13.6187]]}},{"type":"Feature","properties":{"kind":"river","name":"Bicol River"},"geometry":{"type":"LineString","coordinates":[[123.1383,13.6187],[123.1279,13.615],[123.1194,13.6178]]}},{"type":"Feature","properties":{"kind":"river","name":"Bicol River"},"geometry":{"type":"LineString","coordinates":[[123.1114,13.6321],[123.1088,13.6428],[123.112,13.6503]]}},{"type":"Feature","properties":{"kind":"river","name":"Bicol River"},"geometry":{"type":"LineString","coordinates":[[123.1572,13.5844],[123.1537,13.5876]]}},{"type":"Feature","properties":{"kind":"river","name":"Bicol River"},"geometry":{"type":"LineString","coordinates":[[123.1537,13.5876],[123.137,13.6023]]}},{"type":"Feature","properties":{"kind":"river","name":"Bicol River"},"geometry":{"type":"LineString","coordinates":[[123.2674,13.4567],[123.2625,13.4604],[123.2642,13.4655],[123.2599,13.4639],[123.2498,13.4672],[123.2487,13.475],[123.2418,13.4688],[123.2365,13.4713],[123.2374,13.4734],[123.2403,13.472],[123.2421,13.4736],[123.2381,13.4755],[123.2323,13.4698],[123.2341,13.4799],[123.2246,13.4831],[123.2235,13.4854],[123.22,13.4841]]}},{"type":"Feature","properties":{"kind":"river","name":"Bicol River"},"geometry":{"type":"LineString","coordinates":[[123.161,13.5796],[123.1572,13.5844]]}},{"type":"Feature","properties":{"kind":"river","name":"Bicol River"},"geometry":{"type":"LineString","coordinates":[[123.1742,13.5696],[123.1653,13.5774]]}},{"type":"Feature","properties":{"kind":"river","name":"Bicol River"},"geometry":{"type":"LineString","coordinates":[[123.1653,13.5774],[123.161,13.5796]]}},{"type":"Feature","properties":{"kind":"river","name":"Bicol River"},"geometry":{"type":"LineString","coordinates":[[123.1817,13.5771],[123.1815,13.5783]]}},{"type":"Feature","properties":{"kind":"river","name":"Bicol River"},"geometry":{"type":"LineString","coordinates":[[123.1815,13.5783],[123.1822,13.5815],[123.1872,13.5795]]}},{"type":"Feature","properties":{"kind":"river","name":"Bicol River"},"geometry":{"type":"LineString","coordinates":[[123.1925,13.5535],[123.1936,13.556],[123.1971,13.5562],[123.1941,13.5607],[123.1969,13.5634]]}},{"type":"Feature","properties":{"kind":"river","name":"Bicol River"},"geometry":{"type":"LineString","coordinates":[[123.3066,13.4398],[123.3006,13.4443],[123.2955,13.4422],[123.2941,13.4457]]}},{"type":"Feature","properties":{"kind":"river","name":"Bicol River"},"geometry":{"type":"LineString","coordinates":[[123.3132,13.4267],[123.3063,13.426],[123.3069,13.4294],[123.3039,13.4344],[123.3066,13.4398]]}},{"type":"Feature","properties":{"kind":"river","name":"Bicol River"},"geometry":{"type":"LineString","coordinates":[[123.22,13.4841],[123.2199,13.485]]}},{"type":"Feature","properties":{"kind":"river","name":"Bicol River"},"geometry":{"type":"LineString","coordinates":[[123.2199,13.485],[123.2227,13.4868],[123.222,13.4936],[123.2196,13.495]]}},{"type":"Feature","properties":{"kind":"river","name":"Bicol River"},"geometry":{"type":"LineString","coordinates":[[123.3121,13.4213],[123.3106,13.4251],[123.3132,13.4267]]}},{"type":"Feature","properties":{"kind":"river","name":"Bicol River"},"geometry":{"type":"LineString","coordinates":[[123.2066,13.5041],[123.2049,13.5029]]}},{"type":"Feature","properties":{"kind":"river","name":"Bicol River"},"geometry":{"type":"LineString","coordinates":[[123.2196,13.495],[123.2176,13.4958],[123.2188,13.5004],[123.2126,13.5007],[123.2149,13.5034]]}},{"type":"Feature","properties":{"kind":"river","name":"Bicol River"},"geometry":{"type":"LineString","coordinates":[[123.1187,13.6906],[123.123,13.694],[123.1258,13.7019]]}},{"type":"Feature","properties":{"kind":"river","name":"Bicol River"},"geometry":{"type":"LineString","coordinates":[[123.1263,13.707],[123.125,13.7197],[123.12,13.7263],[123.1213,13.7305]]}},{"type":"Feature","properties":{"kind":"river","name":"Bicol River"},"geometry":{"type":"LineString","coordinates":[[123.1258,13.7019],[123.1263,13.707]]}},{"type":"Feature","properties":{"kind":"river","name":"Bicol River"},"geometry":{"type":"LineString","coordinates":[[123.1999,13.5318],[123.1996,13.5322]]}},{"type":"Feature","properties":{"kind":"river","name":"Bicol River"},"geometry":{"type":"LineString","coordinates":[[123.1996,13.5322],[123.1928,13.5298],[123.1913,13.532]]}},{"type":"Feature","properties":{"kind":"river","name":"Bicol River"},"geometry":{"type":"LineString","coordinates":[[123.1913,13.532],[123.1956,13.5355],[123.1947,13.5423]]}},{"type":"Feature","properties":{"kind":"river","name":"Bicol River"},"geometry":{"type":"LineString","coordinates":[[123.2149,13.5034],[123.2066,13.5041]]}},{"type":"Feature","properties":{"kind":"river","name":"Bicol River"},"geometry":{"type":"LineString","coordinates":[[123.1969,13.5643],[123.1863,13.5707]]}},{"type":"Feature","properties":{"kind":"river","name":"Bicol River"},"geometry":{"type":"LineString","coordinates":[[123.1849,13.5714],[123.1817,13.5771]]}},{"type":"Feature","properties":{"kind":"river","name":"Bicol River"},"geometry":{"type":"LineString","coordinates":[[123.197,13.546],[123.1925,13.5535]]}},{"type":"Feature","properties":{"kind":"river","name":"Bicol River"},"geometry":{"type":"LineString","coordinates":[[123.1969,13.5634],[123.1969,13.5643]]}},{"type":"Feature","properties":{"kind":"river","name":"Bicol River"},"geometry":{"type":"LineString","coordinates":[[123.1967,13.545],[123.197,13.546]]}},{"type":"Feature","properties":{"kind":"river","name":"Bicol River"},"geometry":{"type":"LineString","coordinates":[[123.1777,13.5665],[123.1742,13.5696]]}},{"type":"Feature","properties":{"kind":"river","name":"Bicol River"},"geometry":{"type":"LineString","coordinates":[[123.18,13.5644],[123.1777,13.5665]]}},{"type":"Feature","properties":{"kind":"river","name":"Bicol River"},"geometry":{"type":"LineString","coordinates":[[123.1852,13.5712],[123.1849,13.5714]]}},{"type":"Feature","properties":{"kind":"river","name":"Bicol River"},"geometry":{"type":"LineString","coordinates":[[123.1854,13.5711],[123.1852,13.5712]]}},{"type":"Feature","properties":{"kind":"river","name":"Bicol River"},"geometry":{"type":"LineString","coordinates":[[123.1863,13.5707],[123.1854,13.5711]]}},{"type":"Feature","properties":{"kind":"river","name":"Bicol River"},"geometry":{"type":"LineString","coordinates":[[123.1872,13.5795],[123.1897,13.5807],[123.1896,13.5842]]}},{"type":"Feature","properties":{"kind":"river","name":"Bicol River"},"geometry":{"type":"LineString","coordinates":[[123.1846,13.5603],[123.18,13.5644]]}},{"type":"Feature","properties":{"kind":"river","name":"Abra River"},"geometry":{"type":"LineString","coordinates":[[120.7156,17.6226],[120.7047,17.6228],[120.6947,17.6319],[120.6884,17.6328],[120.6808,17.631],[120.6742,17.6227],[120.6685,17.6202],[120.6584,17.627],[120.6423,17.6174],[120.626,17.6192],[120.6206,17.6223],[120.592,17.6206],[120.5892,17.619],[120.5849,17.6088],[120.5767,17.607],[120.5775,17.6026]]}},{"type":"Feature","properties":{"kind":"river","name":"Abra River"},"geometry":{"type":"LineString","coordinates":[[120.7569,16.9488],[120.7548,16.9552],[120.7557,16.9642],[120.7436,16.9818],[120.7437,16.9863],[120.7477,16.9901],[120.7389,16.9944],[120.7391,17.003],[120.7321,17.0107],[120.7367,17.0205],[120.7326,17.0263],[120.7333,17.0421],[120.7368,17.0478],[120.7414,17.0496],[120.7408,17.0582],[120.7459,17.0657],[120.7425,17.0704],[120.7321,17.074],[120.7326,17.078],[120.7382,17.0785],[120.7398,17.0815],[120.7255,17.087],[120.7256,17.0944],[120.716,17.0992],[120.7152,17.1047],[120.705,17.1074],[120.7002,17.111],[120.6988,17.1221],[120.6897,17.1286],[120.6854,17.1414],[120.6787,17.1464],[120.6716,17.148],[120.6727,17.159],[120.6672,17.1696],[120.6675,17.1718],[120.6725,17.1722],[120.676,17.1789],[120.688,17.1808],[120.6887,17.1828],[120.6805,17.1871],[120.6798,17.1913],[120.6716,17.1925],[120.6745,17.1973],[120.6809,17.1984],[120.6751,17.2112],[120.6814,17.2159],[120.6862,17.227],[120.6825,17.2285],[120.6791,17.2348],[120.6827,17.2437],[120.6693,17.2434],[120.6701,17.2469],[120.6772,17.2484],[120.6783,17.2574],[120.6672,17.2625],[120.6668,17.2646],[120.6835,17.2656],[120.6874,17.2744],[120.6833,17.2803],[120.684,17.2844],[120.6933,17.2806],[120.6971,17.2839],[120.6974,17.2908],[120.6923,17.3031],[120.6991,17.3205],[120.705,17.3288],[120.6997,17.3358],[120.6989,17.3407],[120.7011,17.3437],[120.7085,17.3424],[120.7111,17.349],[120.705,17.3632],[120.7109,17.3725],[120.7077,17.3758],[120.6972,17.3792],[120.6864,17.405],[120.6893,17.4296],[120.702,17.4455],[120.6983,17.4583],[120.6993,17.4636]]}},{"type":"Feature","properties":{"kind":"river","name":"Abra River"},"geometry":{"type":"LineString","coordinates":[[120.7393,16.8376],[120.7361,16.8427],[120.7289,16.8454],[120.7326,16.8479],[120.7282,16.8523],[120.729,16.8572],[120.7352,16.8614],[120.735,16.8665],[120.738,16.8717],[120.7324,16.8785],[120.7349,16.8799],[120.7319,16.8835],[120.7343,16.887],[120.7291,16.8862],[120.7298,16.8934],[120.7333,16.894],[120.7324,16.8983],[120.7383,16.8998],[120.7379,16.9026],[120.7289,16.9047],[120.732,16.9054],[120.7305,16.9073],[120.7327,16.9122],[120.736,16.9121],[120.7338,16.9136],[120.736,16.917],[120.7385,16.916],[120.7471,16.9241],[120.7468,16.93],[120.7537,16.9432]]}},{"type":"Feature","properties":{"kind":"river","name":"Abra River"},"geometry":{"type":"LineString","coordinates":[[120.7006,17.485],[120.7135,17.4975],[120.7152,17.5112],[120.7196,17.5175],[120.7206,17.5269],[120.7308,17.5374],[120.7327,17.5425],[120.7349,17.5586],[120.7232,17.5745],[120.717,17.579],[120.7174,17.5857],[120.7149,17.5896],[120.7213,17.6078],[120.726,17.611]]}},{"type":"Feature","properties":{"kind":"river","name":"Abra River"},"geometry":{"type":"LineString","coordinates":[[120.6993,17.4636],[120.7006,17.485]]}},{"type":"Feature","properties":{"kind":"river","name":"Abra River"},"geometry":{"type":"LineString","coordinates":[[120.6964,17.1251],[120.6884,17.1342]]}},{"type":"Feature","properties":{"kind":"river","name":"Abra River"},"geometry":{"type":"LineString","coordinates":[[120.7351,17.5578],[120.7375,17.5672],[120.7189,17.5897],[120.7195,17.6038]]}},{"type":"Feature","properties":{"kind":"river","name":"Abra River"},"geometry":{"type":"LineString","coordinates":[[120.7537,16.9432],[120.7555,16.9448]]}},{"type":"Feature","properties":{"kind":"river","name":"Abra River"},"geometry":{"type":"LineString","coordinates":[[120.7537,16.9432],[120.7556,16.9457]]}},{"type":"Feature","properties":{"kind":"river","name":"Abra River"},"geometry":{"type":"LineString","coordinates":[[120.7556,16.9457],[120.7569,16.9488]]}},{"type":"Feature","properties":{"kind":"river","name":"Abra River"},"geometry":{"type":"LineString","coordinates":[[120.7815,16.766],[120.7799,16.7761],[120.7769,16.779],[120.7781,16.7887],[120.7763,16.7973],[120.7733,16.8007],[120.7676,16.8009],[120.7673,16.811],[120.7644,16.8149],[120.7606,16.8168],[120.7579,16.8153],[120.7571,16.8176],[120.7549,16.8163],[120.7473,16.8204],[120.7463,16.8309],[120.7399,16.8273],[120.7365,16.8318],[120.7393,16.8376]]}},{"type":"Feature","properties":{"kind":"river","name":"Abra River"},"geometry":{"type":"LineString","coordinates":[[120.5775,17.6026],[120.5906,17.5898]]}},{"type":"Feature","properties":{"kind":"river","name":"Abra River"},"geometry":{"type":"LineString","coordinates":[[120.5935,17.5704],[120.5779,17.5786],[120.5705,17.5754],[120.5661,17.5684],[120.561,17.5669],[120.5533,17.5785],[120.5455,17.58],[120.5389,17.5744],[120.5404,17.5437],[120.5357,17.5371],[120.5269,17.5436],[120.5215,17.5448],[120.5066,17.5428],[120.5054,17.5467],[120.4999,17.5503],[120.4933,17.5452],[120.4848,17.5464],[120.4762,17.5545],[120.4434,17.5635],[120.4348,17.5569],[120.4253,17.5371],[120.4229,17.4987]]}},{"type":"Feature","properties":{"kind":"river","name":"Abra River"},"geometry":{"type":"LineString","coordinates":[[120.726,17.611],[120.7289,17.617],[120.7255,17.6238],[120.7197,17.6249],[120.7156,17.6226]]}},{"type":"Feature","properties":{"kind":"river","name":"Abra River"},"geometry":{"type":"LineString","coordinates":[[120.5906,17.5898],[120.5964,17.5805]]}},{"type":"Feature","properties":{"kind":"river","name":"Abra River"},"geometry":{"type":"LineString","coordinates":[[120.5964,17.5805],[120.5961,17.5728],[120.5935,17.5704]]}},{"type":"Feature","properties":{"kind":"river","name":"Chico River"},"geometry":{"type":"LineString","coordinates":[[120.944,17.0717],[120.9455,17.0768],[120.9498,17.0757],[120.9476,17.0804],[120.9522,17.0808],[120.951,17.0882],[120.9529,17.0886]]}},{"type":"Feature","properties":{"kind":"river","name":"Chico River"},"geometry":{"type":"LineString","coordinates":[[120.9674,17.0778],[120.9707,17.082],[120.9779,17.0813],[120.9787,17.0843]]}},{"type":"Feature","properties":{"kind":"river","name":"Chico River"},"geometry":{"type":"LineString","coordinates":[[120.9529,17.0886],[120.9609,17.0823],[120.9673,17.0834],[120.9674,17.0778]]}},{"type":"Feature","properties":{"kind":"river","name":"Chico River"},"geometry":{"type":"LineString","coordinates":[[120.9238,16.9991],[120.9259,17.0076],[120.9295,17.0082],[120.9313,17.0146],[120.9351,17.0147],[120.9341,17.0196],[120.9433,17.0264],[120.9382,17.0309],[120.9385,17.0388],[120.9354,17.0394],[120.938,17.046],[120.9379,17.0573],[120.9404,17.0586],[120.944,17.0717]]}},{"type":"Feature","properties":{"kind":"river","name":"Chico River"},"geometry":{"type":"LineString","coordinates":[[121.4649,17.6997],[121.476,17.7042],[121.4817,17.7123],[121.4813,17.7168],[121.4838,17.7203],[121.4991,17.7291],[121.4966,17.7385]]}},{"type":"Feature","properties":{"kind":"river","name":"Chico River"},"geometry":{"type":"LineString","coordinates":[[121.0606,17.1469],[121.0536,17.146],[121.0472,17.15],[121.05,17.1533],[121.0475,17.1573],[121.051,17.1598],[121.0465,17.1666],[121.0525,17.1672],[121.0526,17.1724],[121.06,17.1702],[121.0587,17.1753],[121.0618,17.1771],[121.0616,17.1813],[121.0697,17.1902],[121.0681,17.2003],[121.0766,17.2001],[121.0798,17.1977],[121.0853,17.2018],[121.0837,17.1958],[121.0867,17.195],[121.0931,17.2036],[121.1011,17.2058],[121.1044,17.2137],[121.1091,17.2147],[121.1102,17.2219],[121.1152,17.226],[121.1133,17.23],[121.12,17.2322],[121.1294,17.2425]]}},{"type":"Feature","properties":{"kind":"river","name":"Chico River"},"geometry":{"type":"LineString","coordinates":[[121.2611,17.4077],[121.2669,17.4067],[121.2699,17.4031],[121.2815,17.4059],[121.2839,17.4011],[121.2937,17.4012],[121.296,17.4052],[121.2993,17.4059],[121.3031,17.3996],[121.3177,17.3957],[121.3328,17.3992],[121.3387,17.4041],[121.3605,17.3966],[121.3746,17.3977],[121.3821,17.4033],[121.386,17.4035],[121.3946,17.3998],[121.4012,17.3919],[121.4083,17.3931],[121.4182,17.4021]]}},{"type":"Feature","properties":{"kind":"river","name":"Chico River"},"geometry":{"type":"LineString","coordinates":[[121.4303,17.622],[121.4246,17.6211],[121.4203,17.6175],[121.4161,17.6204],[121.4122,17.6308],[121.4105,17.6529],[121.4228,17.6502],[121.4304,17.6551],[121.4301,17.6609],[121.4257,17.667],[121.4323,17.6743],[121.4361,17.685],[121.4553,17.6904],[121.4616,17.6987],[121.4927,17.7007],[121.4943,17.7055]]}},{"type":"Feature","properties":{"kind":"river","name":"Chico River"},"geometry":{"type":"LineString","coordinates":[[121.424,17.4119],[121.4276,17.4169]]}},{"type":"Feature","properties":{"kind":"river","name":"Chico River"},"geometry":{"type":"LineString","coordinates":[[121.4781,17.6994],[121.4909,17.6947],[121.4946,17.6976],[121.4988,17.708]]}},{"type":"Feature","properties":{"kind":"river","name":"Chico River"},"geometry":{"type":"LineString","coordinates":[[121.4902,17.6825],[121.4907,17.6887],[121.4974,17.6952],[121.5017,17.7049],[121.501,17.7079],[121.4967,17.7094]]}},{"type":"Feature","properties":{"kind":"river","name":"Chico River"},"geometry":{"type":"LineString","coordinates":[[121.4471,17.5617],[121.4409,17.5677],[121.4403,17.5727],[121.4425,17.5759],[121.4407,17.5846]]}},{"type":"Feature","properties":{"kind":"river","name":"Chico River"},"geometry":{"type":"LineString","coordinates":[[121.4902,17.7239],[121.497,17.736]]}},{"type":"Feature","properties":{"kind":"river","name":"Chico River"},"geometry":{"type":"LineString","coordinates":[[121.4943,17.7055],[121.4967,17.7094]]}},{"type":"Feature","properties":{"kind":"river","name":"Chico River"},"geometry":{"type":"LineString","coordinates":[[121.4552,17.5825],[121.4522,17.587],[121.446,17.5887]]}},{"type":"Feature","properties":{"kind":"river","name":"Chico River"},"geometry":{"type":"LineString","coordinates":[[121.4501,17.4994],[121.4499,17.5074]]}},{"type":"Feature","properties":{"kind":"river","name":"Chico River"},"geometry":{"type":"LineString","coordinates":[[121.4501,17.4994],[121.4477,17.5086],[121.452,17.5162],[121.453,17.5235]]}},{"type":"Feature","properties":{"kind":"river","name":"Chico River"},"geometry":{"type":"LineString","coordinates":[[121.4471,17.5608],[121.4503,17.5625],[121.4559,17.5815]]}},{"type":"Feature","properties":{"kind":"river","name":"Chico River"},"geometry":{"type":"LineString","coordinates":[[121.446,17.4822],[121.4501,17.4994]]}},{"type":"Feature","properties":{"kind":"river","name":"Chico River"},"geometry":{"type":"LineString","coordinates":[[121.4475,17.5785],[121.4463,17.5882]]}},{"type":"Feature","properties":{"kind":"river","name":"Chico River"},"geometry":{"type":"LineString","coordinates":[[121.4499,17.5074],[121.4544,17.5319],[121.4516,17.5375],[121.452,17.5479],[121.4481,17.553]]}},{"type":"Feature","properties":{"kind":"river","name":"Chico River"},"geometry":{"type":"LineString","coordinates":[[121.4967,17.7094],[121.4966,17.722],[121.5012,17.7259],[121.5001,17.7367]]}},{"type":"Feature","properties":{"kind":"river","name":"Chico River"},"geometry":{"type":"LineString","coordinates":[[120.9095,16.8905],[120.9138,16.8911],[120.9166,16.8989],[120.9105,16.905],[120.9059,16.9064],[120.9079,16.9202],[120.9169,16.9233],[120.916,16.9273],[120.9219,16.9295],[120.9182,16.9331],[120.9268,16.9434],[120.9208,16.9583],[120.9243,16.9713],[120.9203,16.9773],[120.9224,16.9845],[120.9196,16.9873],[120.9235,16.9884],[120.922,16.9933],[120.9238,16.9991]]}},{"type":"Feature","properties":{"kind":"river","name":"Chico River"},"geometry":{"type":"LineString","coordinates":[[121.4751,17.8372],[121.4825,17.8477],[121.4891,17.8508],[121.5042,17.8499],[121.5077,17.8546],[121.5109,17.855],[121.52,17.8511],[121.5245,17.8375],[121.5412,17.8213],[121.5471,17.8188],[121.5511,17.8212],[121.5597,17.8356],[121.569,17.8445],[121.5702,17.8493],[121.5678,17.8609],[121.5599,17.8748],[121.5587,17.8813],[121.5611,17.8914],[121.5737,17.9036],[121.5883,17.904],[121.5875,17.908],[121.5795,17.9141],[121.578,17.9203],[121.5842,17.9259],[121.6035,17.9283],[121.6016,17.9439],[121.612,17.9656]]}},{"type":"Feature","properties":{"kind":"river","name":"Chico River"},"geometry":{"type":"LineString","coordinates":[[121.4671,17.8308],[121.4751,17.8372]]}},{"type":"Feature","properties":{"kind":"river","name":"Chico River"},"geometry":{"type":"LineString","coordinates":[[121.231,15.2837],[121.2275,15.2859],[121.2295,15.2871],[121.225,15.2878],[121.224,15.2933],[121.2209,15.2944],[121.2164,15.3014],[121.2199,15.3053],[121.2189,15.3105],[121.2148,15.3096],[121.2165,15.3148],[121.214,15.3185],[121.2107,15.319],[121.2144,15.3228],[121.2088,15.3211],[121.2118,15.3261],[121.2094,15.3277],[121.208,15.3253],[121.2031,15.3328],[121.2009,15.3323],[121.2036,15.3369],[121.1999,15.3381],[121.2,15.3409],[121.1972,15.3402],[121.2001,15.3438],[121.1951,15.3452],[121.1953,15.3478]]}},{"type":"Feature","properties":{"kind":"river","name":"Chico River"},"geometry":{"type":"LineString","coordinates":[[120.9798,17.0895],[120.984,17.0945]]}},{"type":"Feature","properties":{"kind":"river","name":"Chico River"},"geometry":{"type":"LineString","coordinates":[[120.8916,16.8538],[120.8916,16.8602],[120.8944,16.8645]]}},{"type":"Feature","properties":{"kind":"river","name":"Chico River"},"geometry":{"type":"LineString","coordinates":[[120.8947,16.8509],[120.8916,16.8538]]}},{"type":"Feature","properties":{"kind":"river","name":"Chico River"},"geometry":{"type":"LineString","coordinates":[[120.8947,16.851],[120.8945,16.8519]]}},{"type":"Feature","properties":{"kind":"river","name":"Chico River"},"geometry":{"type":"LineString","coordinates":[[120.8944,16.8645],[120.8976,16.8722],[120.8949,16.8829],[120.8973,16.889],[120.9061,16.8923],[120.9095,16.8905]]}},{"type":"Feature","properties":{"kind":"river","name":"Chico River"},"geometry":{"type":"LineString","coordinates":[[120.8944,16.8499],[120.8947,16.8509]]}},{"type":"Feature","properties":{"kind":"river","name":"Chico River"},"geometry":{"type":"LineString","coordinates":[[120.9787,17.0843],[120.9816,17.0947],[120.9914,17.0952],[120.9955,17.1027]]}},{"type":"Feature","properties":{"kind":"river","name":"Chico River"},"geometry":{"type":"LineString","coordinates":[[121.2611,17.4077],[121.2658,17.4024],[121.2699,17.4031]]}},{"type":"Feature","properties":{"kind":"river","name":"Chico River"},"geometry":{"type":"LineString","coordinates":[[121.4784,17.7847],[121.4702,17.7976],[121.4649,17.8016],[121.4723,17.8175],[121.4651,17.8247],[121.4671,17.8308]]}},{"type":"Feature","properties":{"kind":"river","name":"Chico River"},"geometry":{"type":"LineString","coordinates":[[121.4407,17.5846],[121.4325,17.5899],[121.4339,17.5975]]}},{"type":"Feature","properties":{"kind":"river","name":"Chico River"},"geometry":{"type":"LineString","coordinates":[[121.4463,17.5882],[121.4379,17.5905],[121.4347,17.5954],[121.4363,17.6125],[121.4303,17.622]]}},{"type":"Feature","properties":{"kind":"river","name":"Chico River"},"geometry":{"type":"LineString","coordinates":[[121.4481,17.553],[121.4479,17.566]]}},{"type":"Feature","properties":{"kind":"river","name":"Chico River"},"geometry":{"type":"LineString","coordinates":[[121.4906,17.741],[121.4888,17.7426],[121.4878,17.7552],[121.4695,17.7603],[121.4657,17.7667]]}},{"type":"Feature","properties":{"kind":"river","name":"Chico River"},"geometry":{"type":"LineString","coordinates":[[120.9955,17.1027],[121.0051,17.1062],[121.0082,17.1098],[121.0137,17.1101],[121.0157,17.1162],[121.0256,17.1141]]}},{"type":"Feature","properties":{"kind":"river","name":"Chico River"},"geometry":{"type":"LineString","coordinates":[[121.0256,17.1141],[121.0272,17.1178],[121.0245,17.1218],[121.0264,17.1238],[121.0359,17.1248],[121.0386,17.1198],[121.0386,17.1243],[121.0412,17.1253],[121.0403,17.1219],[121.0472,17.12],[121.0459,17.125],[121.0514,17.1242],[121.0518,17.129],[121.0605,17.1339],[121.0606,17.1469]]}},{"type":"Feature","properties":{"kind":"river","name":"Chico River"},"geometry":{"type":"LineString","coordinates":[[121.1294,17.2425],[121.1368,17.25],[121.1419,17.2485],[121.1412,17.2572],[121.1515,17.2637],[121.1563,17.2737],[121.1633,17.2737],[121.1643,17.2777],[121.1608,17.2867],[121.1702,17.2906],[121.1663,17.2969],[121.1719,17.3005],[121.1693,17.3113],[121.1727,17.3215],[121.1902,17.3309],[121.1877,17.3392],[121.196,17.3451],[121.1951,17.3557],[121.1911,17.3588],[121.1942,17.3652],[121.1976,17.3651],[121.1996,17.3613],[121.2041,17.3637],[121.2082,17.3692],[121.2077,17.375],[121.2195,17.3764],[121.2239,17.3841],[121.2279,17.3846],[121.2276,17.3905],[121.2324,17.3941]]}},{"type":"Feature","properties":{"kind":"river","name":"Chico River"},"geometry":{"type":"LineString","coordinates":[[121.4276,17.4169],[121.4308,17.4412],[121.4374,17.4558],[121.4381,17.4636],[121.4445,17.4669],[121.4471,17.472],[121.446,17.4822]]}},{"type":"Feature","properties":{"kind":"river","name":"Chico River"},"geometry":{"type":"LineString","coordinates":[[121.4182,17.4021],[121.4187,17.4104],[121.424,17.4119]]}},{"type":"Feature","properties":{"kind":"river","name":"Chico River"},"geometry":{"type":"LineString","coordinates":[[121.2324,17.3941],[121.233,17.3969],[121.2475,17.4017],[121.2515,17.4123],[121.2611,17.4077]]}},{"type":"Feature","properties":{"kind":"river","name":"Chico River"},"geometry":{"type":"LineString","coordinates":[[121.4448,17.4965],[121.4476,17.5013],[121.4463,17.512],[121.4503,17.5158],[121.4503,17.5223],[121.4531,17.5248]]}},{"type":"Feature","properties":{"kind":"river","name":"Chico River"},"geometry":{"type":"LineString","coordinates":[[121.453,17.5235],[121.4533,17.5286],[121.4457,17.5453],[121.4481,17.553]]}},{"type":"Feature","properties":{"kind":"river","name":"Chico River"},"geometry":{"type":"LineString","coordinates":[[121.446,17.4822],[121.4448,17.4965]]}},{"type":"Feature","properties":{"kind":"river","name":"Chico River"},"geometry":{"type":"LineString","coordinates":[[121.4479,17.566],[121.4499,17.5718],[121.4475,17.5785]]}},{"type":"Feature","properties":{"kind":"river","name":"Chico River"},"geometry":{"type":"LineString","coordinates":[[121.4657,17.7667],[121.4675,17.7768],[121.4784,17.7847]]}},{"type":"Feature","properties":{"kind":"river","name":"Chico River"},"geometry":{"type":"LineString","coordinates":[[121.5001,17.7367],[121.4906,17.741]]}},{"type":"Feature","properties":{"kind":"river","name":"Chico River"},"geometry":{"type":"LineString","coordinates":[[121.1953,15.3478],[121.1971,15.3491],[121.1906,15.3536]]}},{"type":"Feature","properties":{"kind":"river","name":"Chico River"},"geometry":{"type":"LineString","coordinates":[[121.4559,17.5815],[121.4458,17.5886]]}},{"type":"Feature","properties":{"kind":"river","name":"Magat River"},"geometry":{"type":"LineString","coordinates":[[121.656,16.9712],[121.6771,16.9766],[121.6797,16.9743],[121.6967,16.9759],[121.7001,16.9783],[121.7002,16.9831],[121.7092,16.9945],[121.7331,17.0051],[121.741,17.0057],[121.7441,17.0119],[121.7512,17.006],[121.7599,17.0118],[121.7861,17.0107],[121.7923,17.0191],[121.799,17.0186],[121.7974,17.0282],[121.8035,17.0293]]}},{"type":"Feature","properties":{"kind":"river","name":"Magat River"},"geometry":{"type":"LineString","coordinates":[[121.4479,16.8291],[121.4539,16.8306],[121.4628,16.8284],[121.4885,16.8348],[121.5065,16.8346],[121.5236,16.8432],[121.5246,16.8474],[121.5317,16.8516],[121.5317,16.8607],[121.5343,16.8676],[121.5473,16.8803],[121.5431,16.8896],[121.5445,16.8943],[121.5543,16.9033],[121.5646,16.9018],[121.5737,16.9079]]}},{"type":"Feature","properties":{"kind":"river","name":"Magat River"},"geometry":{"type":"LineString","coordinates":[[121.7242,17.0006],[121.728,17.0069],[121.7353,17.0123],[121.7362,17.0189],[121.7443,17.0186],[121.7511,17.0116],[121.7627,17.012]]}},{"type":"Feature","properties":{"kind":"river","name":"Magat River"},"geometry":{"type":"LineString","coordinates":[[121.603,16.9496],[121.6066,16.9546],[121.6129,16.9559],[121.6176,16.9625],[121.6236,16.966],[121.656,16.9712]]}},{"type":"Feature","properties":{"kind":"river","name":"Magat River"},"geometry":{"type":"LineString","coordinates":[[121.6036,16.9356],[121.6199,16.9442],[121.6309,16.9457],[121.6328,16.9508]]}},{"type":"Feature","properties":{"kind":"river","name":"Magat River"},"geometry":{"type":"LineString","coordinates":[[121.5976,16.9326],[121.603,16.9496]]}},{"type":"Feature","properties":{"kind":"river","name":"Magat River"},"geometry":{"type":"LineString","coordinates":[[121.2522,16.5435],[121.2538,16.5491]]}},{"type":"Feature","properties":{"kind":"river","name":"Magat River"},"geometry":{"type":"LineString","coordinates":[[121.2532,16.5386],[121.2564,16.5469],[121.2554,16.5504]]}},{"type":"Feature","properties":{"kind":"river","name":"Magat River"},"geometry":{"type":"LineString","coordinates":[[121.2496,16.5456],[121.2544,16.5509]]}},{"type":"Feature","properties":{"kind":"river","name":"Magat River"},"geometry":{"type":"LineString","coordinates":[[121.2909,16.6702],[121.2945,16.6795],[121.2883,16.6855],[121.2887,16.6882],[121.2954,16.6936],[121.3045,16.6926],[121.313,16.6967],[121.3159,16.7069],[121.3139,16.7181],[121.3259,16.7333],[121.3367,16.7389],[121.3391,16.7472]]}},{"type":"Feature","properties":{"kind":"river","name":"Magat River"},"geometry":{"type":"LineString","coordinates":[[121.2199,16.5046],[121.224,16.5042],[121.2315,16.5103],[121.237,16.5195],[121.2423,16.5198],[121.2438,16.5248],[121.2506,16.5306]]}},{"type":"Feature","properties":{"kind":"river","name":"Magat River"},"geometry":{"type":"LineString","coordinates":[[121.3438,16.7746],[121.342,16.7771]]}},{"type":"Feature","properties":{"kind":"river","name":"Magat River"},"geometry":{"type":"LineString","coordinates":[[121.2329,16.5126],[121.2337,16.5184],[121.2443,16.5254]]}},{"type":"Feature","properties":{"kind":"river","name":"Magat River"},"geometry":{"type":"LineString","coordinates":[[121.109,16.4402],[121.1115,16.4564],[121.1216,16.4629]]}},{"type":"Feature","properties":{"kind":"river","name":"Magat River"},"geometry":{"type":"LineString","coordinates":[[121.2087,16.3093],[121.2031,16.31],[121.1971,16.3017],[121.1921,16.2987],[121.1881,16.2998],[121.1893,16.2965],[121.1795,16.2862],[121.1681,16.3007],[121.1602,16.3009],[121.1567,16.305],[121.1555,16.3034],[121.1529,16.3058],[121.1484,16.303],[121.1408,16.3084],[121.1279,16.306],[121.1248,16.3085],[121.1228,16.3069],[121.1161,16.3118],[121.1188,16.3146],[121.1174,16.3166],[121.1081,16.3191],[121.1086,16.3219],[121.1118,16.3218],[121.1089,16.3249],[121.1087,16.3297],[121.1115,16.3316],[121.1109,16.3373],[121.1068,16.3376],[121.1047,16.3423],[121.0967,16.3476],[121.0978,16.3566],[121.0935,16.3597],[121.094,16.3639],[121.0846,16.3673]]}},{"type":"Feature","properties":{"kind":"river","name":"Magat River"},"geometry":{"type":"LineString","coordinates":[[121.0846,16.3673],[121.0837,16.3704],[121.0887,16.3732],[121.0899,16.3766],[121.0895,16.3832]]}},{"type":"Feature","properties":{"kind":"river","name":"Magat River"},"geometry":{"type":"LineString","coordinates":[[121.2293,16.5231],[121.237,16.5297],[121.2418,16.5398],[121.2462,16.54],[121.2496,16.5456]]}},{"type":"Feature","properties":{"kind":"river","name":"Magat River"},"geometry":{"type":"LineString","coordinates":[[121.1216,16.4629],[121.1302,16.4738],[121.1392,16.471],[121.1431,16.4734],[121.1557,16.4729],[121.1614,16.4737],[121.1687,16.4817],[121.1756,16.4793],[121.1836,16.4804],[121.1927,16.4887],[121.1982,16.4898],[121.2023,16.4999],[121.2199,16.5046]]}},{"type":"Feature","properties":{"kind":"river","name":"Magat River"},"geometry":{"type":"LineString","coordinates":[[121.0895,16.3832],[121.1104,16.4028],[121.116,16.4138],[121.1102,16.4234],[121.109,16.4402],[121.1129,16.4496],[121.119,16.4514],[121.1189,16.4558],[121.1223,16.4584]]}},{"type":"Feature","properties":{"kind":"river","name":"Magat River"},"geometry":{"type":"LineString","coordinates":[[121.2496,16.5456],[121.2521,16.5504],[121.2566,16.5524],[121.2541,16.556],[121.2569,16.5604],[121.2565,16.5657],[121.2693,16.5843],[121.2677,16.5943],[121.27,16.5969],[121.2691,16.6019],[121.2725,16.6046],[121.2716,16.619],[121.2675,16.6321],[121.2701,16.6373],[121.2629,16.6523]]}},{"type":"Feature","properties":{"kind":"river","name":"Magat River"},"geometry":{"type":"LineString","coordinates":[[121.2637,16.6606],[121.2693,16.6589],[121.2721,16.6651],[121.2777,16.6685],[121.2826,16.6605],[121.2895,16.6576],[121.294,16.6641],[121.2909,16.6702]]}},{"type":"Feature","properties":{"kind":"river","name":"Magat River"},"geometry":{"type":"LineString","coordinates":[[121.2199,16.5046],[121.2233,16.5152],[121.2281,16.5188],[121.2293,16.523]]}},{"type":"Feature","properties":{"kind":"river","name":"Magat River"},"geometry":{"type":"LineString","coordinates":[[121.5976,16.9326],[121.616,16.9441],[121.6202,16.9497],[121.6278,16.9488],[121.6446,16.9525],[121.656,16.9712]]}},{"type":"Feature","properties":{"kind":"river","name":"Magat River"},"geometry":{"type":"LineString","coordinates":[[121.2629,16.6523],[121.2637,16.6606]]}},{"type":"Feature","properties":{"kind":"river","name":"Magat River"},"geometry":{"type":"LineString","coordinates":[[121.8103,17.0319],[121.8185,17.0294],[121.8229,17.0358],[121.8221,17.0423],[121.8255,17.0429],[121.8298,17.0399]]}},{"type":"Feature","properties":{"kind":"river","name":"Magat River"},"geometry":{"type":"LineString","coordinates":[[121.8035,17.0293],[121.8103,17.0319]]}},{"type":"Feature","properties":{"kind":"river","name":"Magat River"},"geometry":{"type":"LineString","coordinates":[[121.3391,16.7472],[121.3378,16.7554],[121.33,16.754],[121.3274,16.7583],[121.3295,16.7626],[121.3436,16.7675],[121.3438,16.7746]]}},{"type":"Feature","properties":{"kind":"river","name":"Magat River"},"geometry":{"type":"LineString","coordinates":[[121.342,16.7771],[121.3362,16.7821],[121.3387,16.7878],[121.3515,16.7864],[121.3535,16.7823],[121.3527,16.7756],[121.3551,16.7747],[121.3581,16.7781],[121.3598,16.7882],[121.3758,16.7885],[121.3716,16.7976],[121.3876,16.7968],[121.3916,16.8037],[121.4053,16.807],[121.4198,16.8217],[121.4479,16.8291]]}},{"type":"Feature","properties":{"kind":"river","name":"Magat River"},"geometry":{"type":"LineString","coordinates":[[121.5899,16.9285],[121.5976,16.9326]]}},{"type":"Feature","properties":{"kind":"river","name":"Magat River"},"geometry":{"type":"LineString","coordinates":[[121.2506,16.5306],[121.2498,16.5346],[121.2533,16.5382],[121.2522,16.5435]]}},{"type":"Feature","properties":{"kind":"river","name":"Magat River"},"geometry":{"type":"LineString","coordinates":[[121.6931,16.9828],[121.7002,16.9815]]}},{"type":"Feature","properties":{"kind":"river","name":"Magat River"},"geometry":{"type":"LineString","coordinates":[[121.5808,16.9271],[121.5899,16.9285]]}},{"type":"Feature","properties":{"kind":"river","name":"Magat River"},"geometry":{"type":"LineString","coordinates":[[121.5737,16.9079],[121.5783,16.9113],[121.5808,16.9271]]}},{"type":"Feature","properties":{"kind":"river","name":"Rio Grande de Mindanao"},"geometry":{"type":"LineString","coordinates":[[124.7372,7.0877],[124.7338,7.0908],[124.7297,7.0847],[124.7304,7.0804],[124.7355,7.0771],[124.7292,7.0774],[124.7239,7.0868],[124.7161,7.0872],[124.7161,7.0998],[124.7122,7.1031],[124.7074,7.0956],[124.7122,7.0846],[124.7123,7.0783],[124.7003,7.0672],[124.6951,7.0712]]}},{"type":"Feature","properties":{"kind":"river","name":"Rio Grande de Mindanao"},"geometry":{"type":"LineString","coordinates":[[124.7117,7.0313],[124.7082,7.0235],[124.716,7.0209],[124.7182,7.0152],[124.7155,7.0121],[124.7069,7.01],[124.7058,7.0065],[124.7121,7.0028],[124.7194,7.0032],[124.7217,6.9996],[124.7182,6.9947],[124.7123,6.9944]]}},{"type":"Feature","properties":{"kind":"river","name":"Rio Grande de Mindanao"},"geometry":{"type":"LineString","coordinates":[[124.434,7.0981],[124.4275,7.1002],[124.421,7.0952],[124.4169,7.1102],[124.4047,7.1122],[124.3961,7.1202],[124.3977,7.1292],[124.3938,7.1309],[124.3899,7.1268],[124.3855,7.1336],[124.3895,7.137],[124.3889,7.1391],[124.3845,7.1378],[124.3831,7.1393],[124.3839,7.1443],[124.3886,7.1484],[124.3872,7.1517],[124.374,7.1558],[124.371,7.1635],[124.3621,7.1619],[124.356,7.1659]]}},{"type":"Feature","properties":{"kind":"river","name":"Rio Grande de Mindanao"},"geometry":{"type":"LineString","coordinates":[[124.2344,7.2334],[124.206,7.2524]]}},{"type":"Feature","properties":{"kind":"river","name":"Rio Grande de Mindanao"},"geometry":{"type":"LineString","coordinates":[[124.6499,6.9559],[124.6456,6.958],[124.6424,6.9655],[124.6319,6.9647],[124.6317,6.9688],[124.6271,6.9754],[124.6168,6.9754],[124.6086,6.9684],[124.5861,6.9698],[124.5787,6.984],[124.5718,6.9919]]}},{"type":"Feature","properties":{"kind":"river","name":"Rio Grande de Mindanao"},"geometry":{"type":"LineString","coordinates":[[124.4862,7.0419],[124.4716,7.0474],[124.467,7.0532],[124.4577,7.0585],[124.4561,7.0644],[124.4583,7.0777],[124.4499,7.0859],[124.4399,7.0919],[124.433,7.088]]}},{"type":"Feature","properties":{"kind":"river","name":"Rio Grande de Mindanao"},"geometry":{"type":"LineString","coordinates":[[124.2551,7.2275],[124.2449,7.2278]]}},{"type":"Feature","properties":{"kind":"river","name":"Rio Grande de Mindanao"},"geometry":{"type":"LineString","coordinates":[[124.356,7.1659],[124.3408,7.1682],[124.3392,7.1742]]}},{"type":"Feature","properties":{"kind":"river","name":"Rio Grande de Mindanao"},"geometry":{"type":"LineString","coordinates":[[124.6951,7.0712],[124.6917,7.0738]]}},{"type":"Feature","properties":{"kind":"river","name":"Rio Grande de Mindanao"},"geometry":{"type":"LineString","coordinates":[[124.3263,7.179],[124.3059,7.1952],[124.3041,7.2],[124.2999,7.2009],[124.3025,7.2065],[124.2948,7.2067],[124.2946,7.2143],[124.291,7.2198],[124.2797,7.2259],[124.2715,7.2218],[124.2628,7.2251]]}},{"type":"Feature","properties":{"kind":"river","name":"Rio Grande de Mindanao"},"geometry":{"type":"LineString","coordinates":[[124.7778,7.1298],[124.7728,7.1275],[124.7591,7.1321],[124.7515,7.131],[124.7475,7.1268],[124.748,7.1141],[124.7381,7.1165],[124.7356,7.1149]]}},{"type":"Feature","properties":{"kind":"river","name":"Rio Grande de Mindanao"},"geometry":{"type":"LineString","coordinates":[[124.7088,7.0272],[124.7081,7.0238]]}},{"type":"Feature","properties":{"kind":"river","name":"Rio Grande de Mindanao"},"geometry":{"type":"LineString","coordinates":[[124.6931,7.0522],[124.6974,7.0502]]}},{"type":"Feature","properties":{"kind":"river","name":"Rio Grande de Mindanao"},"geometry":{"type":"LineString","coordinates":[[124.7022,7.0455],[124.7009,7.039]]}},{"type":"Feature","properties":{"kind":"river","name":"Rio Grande de Mindanao"},"geometry":{"type":"LineString","coordinates":[[124.7048,7.0364],[124.7099,7.0351]]}},{"type":"Feature","properties":{"kind":"river","name":"Rio Grande de Mindanao"},"geometry":{"type":"LineString","coordinates":[[124.6881,6.9751],[124.6847,6.9724]]}},{"type":"Feature","properties":{"kind":"river","name":"Rio Grande de Mindanao"},"geometry":{"type":"LineString","coordinates":[[124.2429,7.2281],[124.2372,7.2314]]}},{"type":"Feature","properties":{"kind":"river","name":"Rio Grande de Mindanao"},"geometry":{"type":"LineString","coordinates":[[124.8023,7.1423],[124.7945,7.1339],[124.7991,7.1277],[124.7974,7.1246],[124.7895,7.1233],[124.7887,7.1314],[124.7862,7.1339],[124.7778,7.1298]]}},{"type":"Feature","properties":{"kind":"river","name":"Rio Grande de Mindanao"},"geometry":{"type":"LineString","coordinates":[[124.6917,7.0738],[124.6888,7.0725],[124.6917,7.0653],[124.6859,7.0596],[124.6952,7.05],[124.7028,7.0514],[124.701,7.0386],[124.7098,7.0351],[124.7117,7.0313]]}},{"type":"Feature","properties":{"kind":"river","name":"Rio Grande de Mindanao"},"geometry":{"type":"LineString","coordinates":[[124.6916,6.9632],[124.6888,6.9533],[124.6782,6.9528],[124.6786,6.9468],[124.671,6.9496],[124.6646,6.9479],[124.6655,6.9535],[124.6565,6.9617],[124.6499,6.9559]]}},{"type":"Feature","properties":{"kind":"river","name":"Rio Grande de Mindanao"},"geometry":{"type":"LineString","coordinates":[[124.506,7.0289],[124.5004,7.0307],[124.4862,7.0419]]}},{"type":"Feature","properties":{"kind":"river","name":"Rio Grande de Mindanao"},"geometry":{"type":"LineString","coordinates":[[124.5626,7.0025],[124.5571,7.0087],[124.5591,7.019],[124.5574,7.0229],[124.5531,7.0238],[124.5452,7.0191],[124.5383,7.0284],[124.5306,7.0324],[124.5305,7.035],[124.5366,7.038],[124.5363,7.0399],[124.5279,7.0385],[124.5235,7.0296],[124.5179,7.0311],[124.506,7.0289]]}},{"type":"Feature","properties":{"kind":"river","name":"Rio Grande de Mindanao"},"geometry":{"type":"LineString","coordinates":[[124.433,7.088],[124.4311,7.0918],[124.434,7.0981]]}},{"type":"Feature","properties":{"kind":"river","name":"Rio Grande de Mindanao"},"geometry":{"type":"LineString","coordinates":[[124.2449,7.2278],[124.2344,7.2334]]}},{"type":"Feature","properties":{"kind":"river","name":"Rio Grande de Mindanao"},"geometry":{"type":"LineString","coordinates":[[124.3392,7.1742],[124.333,7.1744],[124.3263,7.179]]}},{"type":"Feature","properties":{"kind":"river","name":"Rio Grande de Mindanao"},"geometry":{"type":"LineString","coordinates":[[124.2628,7.2251],[124.2551,7.2275]]}},{"type":"Feature","properties":{"kind":"river","name":"Rio Grande de Mindanao"},"geometry":{"type":"LineString","coordinates":[[124.5718,6.9919],[124.5626,7.0025]]}},{"type":"Feature","properties":{"kind":"river","name":"Rio Grande de Mindanao"},"geometry":{"type":"LineString","coordinates":[[124.7079,6.9811],[124.6996,6.9832],[124.6954,6.9748],[124.6855,6.9743],[124.6856,6.9684],[124.6916,6.9632]]}},{"type":"Feature","properties":{"kind":"river","name":"Rio Grande de Mindanao"},"geometry":{"type":"LineString","coordinates":[[124.7123,6.9944],[124.7049,6.9934],[124.7029,6.9911],[124.7091,6.9839],[124.7079,6.9811]]}},{"type":"Feature","properties":{"kind":"river","name":"Rio Grande de Mindanao"},"geometry":{"type":"LineString","coordinates":[[124.7356,7.1149],[124.7356,7.1067],[124.7284,7.1108],[124.7247,7.1055],[124.7304,7.0974],[124.742,7.0945],[124.7424,7.0911],[124.7372,7.0877]]}},{"type":"Feature","properties":{"kind":"river","name":"Pulangi River"},"geometry":{"type":"LineString","coordinates":[[125.0342,7.7027],[125.0475,7.7007],[125.0479,7.6856],[125.0523,7.6829],[125.0485,7.6784],[125.0546,7.6691],[125.0531,7.6603]]}},{"type":"Feature","properties":{"kind":"river","name":"Pulangi River"},"geometry":{"type":"LineString","coordinates":[[125.2386,8.3614],[125.2396,8.3546],[125.2423,8.3525],[125.2404,8.3468],[125.2448,8.3477],[125.2441,8.3442],[125.2473,8.3427],[125.2467,8.3373],[125.249,8.3359],[125.2478,8.3316],[125.2499,8.3303],[125.247,8.3208],[125.2514,8.3194],[125.2503,8.3159],[125.2543,8.3171],[125.2528,8.3138],[125.2578,8.3109],[125.2547,8.3049],[125.2579,8.3046],[125.2585,8.3023],[125.2541,8.3],[125.2577,8.2981],[125.2643,8.2989],[125.2662,8.2933],[125.2635,8.2915],[125.2704,8.2878],[125.2667,8.2846],[125.2687,8.2805],[125.2668,8.2771],[125.2717,8.2732],[125.2705,8.2677],[125.2731,8.2668],[125.2702,8.26],[125.2711,8.2488],[125.2738,8.2462],[125.2756,8.2369],[125.2724,8.2259],[125.275,8.2188],[125.2858,8.2202],[125.2884,8.2069],[125.2943,8.2038],[125.2958,8.1997],[125.293,8.1947],[125.3022,8.1918],[125.3019,8.1857],[125.3047,8.1805],[125.3068,8.1801],[125.3117,8.1861],[125.3132,8.1827],[125.3154,8.1832],[125.3171,8.1791],[125.3115,8.1675],[125.3201,8.1643],[125.3191,8.1615],[125.3145,8.1601],[125.3195,8.1556],[125.3196,8.1492],[125.3226,8.1505],[125.3219,8.1536],[125.326,8.1589],[125.3306,8.1612],[125.3307,8.1553],[125.3251,8.1462],[125.3257,8.1425],[125.3315,8.1391],[125.3317,8.1265],[125.3288,8.1228],[125.3318,8.1179],[125.3349,8.1181],[125.3335,8.1151],[125.3364,8.1045],[125.3357,8.1021],[125.3323,8.1044],[125.3302,8.1033],[125.3305,8.098],[125.3265,8.0906],[125.3337,8.0881],[125.3287,8.0835],[125.3301,8.0798],[125.3275,8.0781],[125.3271,8.0729],[125.332,8.0682],[125.3301,8.0593],[125.333,8.0553],[125.328,8.0569],[125.3286,8.0525],[125.3246,8.0522],[125.318,8.0458],[125.3196,8.0436],[125.3242,8.0449],[125.3255,8.0488]]}},{"type":"Feature","properties":{"kind":"river","name":"Pulangi River"},"geometry":{"type":"LineString","coordinates":[[125.0947,8.3959],[125.1088,8.4063],[125.1111,8.4107],[125.1182,8.4126],[125.1191,8.4163],[125.1244,8.4177],[125.1259,8.4218],[125.1228,8.4319],[125.129,8.4397],[125.128,8.4416],[125.1308,8.4424],[125.1309,8.447],[125.1378,8.4473],[125.149,8.4416],[125.151,8.4446],[125.152,8.4423],[125.1536,8.4443],[125.1585,8.4409],[125.1603,8.4432],[125.161,8.44],[125.1659,8.4392],[125.1662,8.4367],[125.1702,8.4369],[125.1722,8.4323],[125.1785,8.4311],[125.1781,8.4278],[125.1807,8.4293],[125.1787,8.4253],[125.1838,8.4259],[125.1819,8.4219],[125.1832,8.4198],[125.1896,8.4197],[125.1872,8.4163],[125.1875,8.4111],[125.1927,8.4102],[125.1978,8.414],[125.1953,8.4163],[125.1966,8.4173],[125.2005,8.4151],[125.2014,8.4088],[125.2061,8.4114],[125.2042,8.4077],[125.2076,8.4018],[125.2103,8.4025],[125.2107,8.3947],[125.2132,8.3965],[125.2172,8.3918],[125.216,8.3842],[125.2281,8.3769],[125.2251,8.3749],[125.2275,8.3683],[125.2249,8.3662],[125.2386,8.3614]]}},{"type":"Feature","properties":{"kind":"river","name":"Pulangi River"},"geometry":{"type":"LineString","coordinates":[[125.0352,7.4673],[125.0345,7.4571],[125.0406,7.4483],[125.0389,7.4431],[125.0407,7.4391],[125.037,7.435],[125.0371,7.4261],[125.0415,7.4262],[125.0444,7.4211],[125.0482,7.4204],[125.0504,7.4117],[125.0469,7.4089],[125.0474,7.4038],[125.0401,7.3993],[125.0356,7.3884],[125.0328,7.3873],[125.0297,7.3918],[125.0259,7.3888],[125.0247,7.3924],[125.0206,7.3935],[125.02,7.3974],[125.0146,7.3945],[125.0099,7.397],[125.0102,7.3913],[124.9992,7.3853],[125.0023,7.3821],[125.0009,7.3793],[124.9875,7.3827],[124.9857,7.3862],[124.9803,7.3879],[124.9804,7.3934],[124.9765,7.3909],[124.9757,7.3873],[124.9723,7.3865],[124.9713,7.3823],[124.9659,7.3864],[124.9636,7.3822],[124.9609,7.3817],[124.9597,7.3927],[124.9528,7.3884],[124.9461,7.3794],[124.9482,7.3725],[124.939,7.3721],[124.941,7.3646],[124.9323,7.3659],[124.931,7.3575]]}},{"type":"Feature","properties":{"kind":"river","name":"Pulangi River"},"geometry":{"type":"LineString","coordinates":[[125.19,7.9699],[125.1852,7.9638],[125.1788,7.9642],[125.1771,7.9565],[125.1692,7.9601],[125.165,7.9548],[125.1663,7.9525],[125.156,7.9471],[125.1503,7.9497],[125.1431,7.949],[125.1387,7.9526],[125.1318,7.9526],[125.1255,7.9393],[125.1193,7.9346],[125.1178,7.9246],[125.1143,7.9239],[125.1101,7.9272],[125.0998,7.9236],[125.0958,7.9167],[125.0986,7.9092],[125.0945,7.8987],[125.099,7.8906],[125.0905,7.8855],[125.0865,7.8702]]}},{"type":"Feature","properties":{"kind":"river","name":"Pulangi River"},"geometry":{"type":"LineString","coordinates":[[125.0244,7.7867],[125.0245,7.7864]]}},{"type":"Feature","properties":{"kind":"river","name":"Pulangi River"},"geometry":{"type":"LineString","coordinates":[[125.0242,7.7877],[125.0244,7.7867]]}},{"type":"Feature","properties":{"kind":"river","name":"Pulangi River"},"geometry":{"type":"LineString","coordinates":[[124.9144,7.342],[124.8912,7.3201],[124.8933,7.3104],[124.8745,7.3132],[124.8683,7.3048],[124.8613,7.3057],[124.8658,7.2947],[124.8592,7.2932]]}},{"type":"Feature","properties":{"kind":"river","name":"Pulangi River"},"geometry":{"type":"LineString","coordinates":[[124.8592,7.2932],[124.8546,7.2959],[124.8484,7.2952],[124.8489,7.2914],[124.8569,7.2895],[124.8555,7.2849],[124.8512,7.2819],[124.8367,7.2802],[124.8402,7.2709],[124.8509,7.2637],[124.8508,7.2587],[124.8454,7.2548],[124.8398,7.2587],[124.8373,7.2576],[124.8299,7.2431],[124.8371,7.2328],[124.8273,7.2277],[124.8135,7.2061],[124.8064,7.2014],[124.8155,7.1988],[124.8211,7.1861],[124.8023,7.1423]]}},{"type":"Feature","properties":{"kind":"river","name":"Pulangi River"},"geometry":{"type":"LineString","coordinates":[[125.3255,8.0488],[125.3274,8.0455],[125.3222,8.0391],[125.3307,8.0304],[125.3303,8.0219],[125.3228,8.0191],[125.3215,8.0131],[125.3148,8.01],[125.3123,8.0051],[125.3187,8.0006],[125.3205,7.9924],[125.3254,7.9871],[125.3233,7.9805],[125.3254,7.9688],[125.3218,7.9676],[125.3171,7.9696],[125.3128,7.9671],[125.3137,7.9617],[125.3113,7.9604],[125.3067,7.9636],[125.3044,7.9534],[125.294,7.9508],[125.2848,7.9451],[125.2758,7.948],[125.2595,7.9474]]}},{"type":"Feature","properties":{"kind":"river","name":"Pulangi River"},"geometry":{"type":"LineString","coordinates":[[125.2058,7.958],[125.1941,7.9664],[125.1926,7.9706],[125.19,7.9699]]}},{"type":"Feature","properties":{"kind":"river","name":"Pulangi River"},"geometry":{"type":"LineString","coordinates":[[125.2297,7.9492],[125.2114,7.953],[125.2058,7.958]]}},{"type":"Feature","properties":{"kind":"river","name":"Pulangi River"},"geometry":{"type":"LineString","coordinates":[[125.2496,7.9464],[125.2436,7.9475],[125.2355,7.9444],[125.2297,7.9492]]}},{"type":"Feature","properties":{"kind":"river","name":"Pulangi River"},"geometry":{"type":"LineString","coordinates":[[125.2595,7.9474],[125.2496,7.9464]]}},{"type":"Feature","properties":{"kind":"river","name":"Pulangi River"},"geometry":{"type":"LineString","coordinates":[[125.0774,7.8259],[125.0758,7.8226],[125.0806,7.8224],[125.0814,7.8205],[125.0783,7.8183],[125.0782,7.8144],[125.0728,7.813],[125.0688,7.8083],[125.0458,7.8192]]}},{"type":"Feature","properties":{"kind":"river","name":"Pulangi River"},"geometry":{"type":"LineString","coordinates":[[125.0799,7.8395],[125.0802,7.8334],[125.0839,7.829],[125.0774,7.8259]]}},{"type":"Feature","properties":{"kind":"river","name":"Pulangi River"},"geometry":{"type":"LineString","coordinates":[[125.0865,7.8702],[125.0915,7.8624],[125.0919,7.8555],[125.0814,7.8498]]}},{"type":"Feature","properties":{"kind":"river","name":"Pulangi River"},"geometry":{"type":"LineString","coordinates":[[125.0814,7.8498],[125.0799,7.8395]]}},{"type":"Feature","properties":{"kind":"river","name":"Pulangi River"},"geometry":{"type":"LineString","coordinates":[[125.0527,7.5347],[125.0537,7.5286],[125.0478,7.5259],[125.0481,7.5201],[125.039,7.518],[125.0364,7.507],[125.0316,7.5082],[125.0297,7.5043],[125.021,7.5043],[125.0208,7.4967],[125.0133,7.4899],[125.0183,7.4861],[125.029,7.4685],[125.0352,7.4673]]}},{"type":"Feature","properties":{"kind":"river","name":"Pulangi River"},"geometry":{"type":"LineString","coordinates":[[125.0279,7.7982],[125.0242,7.7877]]}},{"type":"Feature","properties":{"kind":"river","name":"Pulangi River"},"geometry":{"type":"LineString","coordinates":[[125.0458,7.8192],[125.0349,7.8214],[125.0295,7.8183],[125.0279,7.7982]]}},{"type":"Feature","properties":{"kind":"river","name":"Pulangi River"},"geometry":{"type":"LineString","coordinates":[[125.0245,7.7864],[125.0246,7.7812],[125.0216,7.7795],[125.0259,7.7733],[125.0251,7.7692],[125.0303,7.7657],[125.0303,7.7502],[125.0261,7.7431],[125.0211,7.7424],[125.0199,7.7379],[125.0207,7.7351],[125.0296,7.7331],[125.0274,7.7279],[125.03,7.7253],[125.0256,7.7175],[125.0305,7.7143],[125.0298,7.7071],[125.0335,7.706],[125.0342,7.7027]]}},{"type":"Feature","properties":{"kind":"river","name":"Pulangi River"},"geometry":{"type":"LineString","coordinates":[[125.0531,7.6603],[125.0577,7.6572],[125.0541,7.6549],[125.056,7.6494],[125.0529,7.6481],[125.0545,7.6442],[125.0513,7.639],[125.0548,7.6383],[125.056,7.6348],[125.0528,7.6335],[125.0551,7.6299],[125.0526,7.6239],[125.0547,7.6204]]}},{"type":"Feature","properties":{"kind":"river","name":"Pulangi River"},"geometry":{"type":"LineString","coordinates":[[125.0547,7.6204],[125.0595,7.6147],[125.0587,7.6089]]}},{"type":"Feature","properties":{"kind":"river","name":"Pulangi River"},"geometry":{"type":"LineString","coordinates":[[125.0587,7.6089],[125.0593,7.6048],[125.0637,7.6052],[125.0665,7.6012],[125.0646,7.598],[125.0567,7.5951],[125.0591,7.5864],[125.0579,7.581],[125.0623,7.5719],[125.0614,7.5513],[125.0571,7.5465],[125.0621,7.5421],[125.0559,7.5385]]}},{"type":"Feature","properties":{"kind":"river","name":"Pulangi River"},"geometry":{"type":"LineString","coordinates":[[125.0559,7.5385],[125.0527,7.5347]]}},{"type":"Feature","properties":{"kind":"river","name":"Pulangi River"},"geometry":{"type":"LineString","coordinates":[[124.931,7.3575],[124.9169,7.3503],[124.9144,7.342]]}},{"type":"Feature","properties":{"kind":"river","name":"Tagoloan River"},"geometry":{"type":"LineString","coordinates":[[124.7646,8.5401],[124.7506,8.5481]]}},{"type":"Feature","properties":{"kind":"river","name":"Tagoloan River"},"geometry":{"type":"LineString","coordinates":[[124.9047,8.4289],[124.8972,8.436],[124.8879,8.4401],[124.8801,8.4515],[124.8766,8.4472],[124.8707,8.4477],[124.8687,8.4533],[124.8694,8.4668],[124.8613,8.4692],[124.8589,8.4803],[124.8474,8.4825],[124.8429,8.4905],[124.8351,8.4977],[124.8372,8.5013],[124.8432,8.5002],[124.8479,8.5039],[124.8424,8.5095],[124.8379,8.5083],[124.8281,8.5212]]}},{"type":"Feature","properties":{"kind":"river","name":"Tagoloan River"},"geometry":{"type":"LineString","coordinates":[[124.8598,8.4727],[124.8531,8.48]]}},{"type":"Feature","properties":{"kind":"river","name":"Tagoloan River"},"geometry":{"type":"LineString","coordinates":[[125.2425,8.1728],[125.2437,8.167],[125.2395,8.1624],[125.228,8.1601],[125.2249,8.1646],[125.2186,8.1673],[125.2102,8.1624],[125.21,8.1646],[125.2058,8.1641],[125.2051,8.1687],[125.2011,8.1707],[125.1944,8.1673],[125.1919,8.1703],[125.1832,8.171],[125.1826,8.1746],[125.1803,8.172],[125.177,8.1723],[125.173,8.1785],[125.1668,8.1807],[125.1654,8.1862],[125.1598,8.1864],[125.1575,8.1911],[125.1541,8.1908],[125.1527,8.1934],[125.1457,8.1931]]}},{"type":"Feature","properties":{"kind":"river","name":"Tagoloan River"},"geometry":{"type":"LineString","coordinates":[[125.1457,8.1931],[125.1505,8.2028],[125.148,8.2054]]}},{"type":"Feature","properties":{"kind":"river","name":"Tagoloan River"},"geometry":{"type":"LineString","coordinates":[[125.148,8.2054],[125.1351,8.2112],[125.1325,8.2156],[125.1347,8.2173],[125.133,8.2213]]}},{"type":"Feature","properties":{"kind":"river","name":"Tagoloan River"},"geometry":{"type":"LineString","coordinates":[[125.1234,8.231],[125.121,8.2379],[125.1186,8.235],[125.1111,8.2379],[125.1122,8.242],[125.1085,8.2454],[125.0959,8.2502],[125.0991,8.2519],[125.0945,8.2553],[125.0955,8.2594],[125.092,8.2618]]}},{"type":"Feature","properties":{"kind":"river","name":"Tagoloan River"},"geometry":{"type":"LineString","coordinates":[[125.133,8.2213],[125.1297,8.225],[125.1238,8.2259],[125.1234,8.231]]}},{"type":"Feature","properties":{"kind":"river","name":"Tagoloan River"},"geometry":{"type":"LineString","coordinates":[[125.092,8.2618],[125.0923,8.2636],[125.0956,8.2626]]}},{"type":"Feature","properties":{"kind":"river","name":"Tagoloan River"},"geometry":{"type":"LineString","coordinates":[[125.0956,8.2626],[125.0953,8.2648],[125.0897,8.2662],[125.0913,8.2672],[125.0872,8.271],[125.0885,8.273],[125.0841,8.2733],[125.0849,8.2769],[125.0795,8.2835],[125.0778,8.281],[125.0741,8.2833],[125.0714,8.2815],[125.068,8.2863],[125.0648,8.2839],[125.0637,8.2867],[125.0612,8.2866],[125.0605,8.284],[125.0588,8.2868],[125.0584,8.2836],[125.0561,8.2831],[125.0561,8.2875],[125.0524,8.2863],[125.0473,8.2932],[125.0444,8.3024],[125.0453,8.3073],[125.0396,8.3092],[125.0288,8.3204],[125.0278,8.3233],[125.0302,8.3265],[125.0197,8.3257],[125.014,8.33],[125.011,8.3292],[125.0141,8.3352],[125.0116,8.338],[125.0118,8.3421],[125.0005,8.3457],[124.997,8.3414],[124.9946,8.3508],[124.9902,8.3513]]}},{"type":"Feature","properties":{"kind":"river","name":"Tagoloan River"},"geometry":{"type":"LineString","coordinates":[[124.9902,8.3513],[124.9842,8.3532],[124.9895,8.3595],[124.9825,8.3633],[124.9816,8.3676],[124.9845,8.3752],[124.9764,8.3832],[124.9669,8.3836],[124.9635,8.3879]]}},{"type":"Feature","properties":{"kind":"river","name":"Tagoloan River"},"geometry":{"type":"LineString","coordinates":[[124.9635,8.3879],[124.9581,8.3834]]}},{"type":"Feature","properties":{"kind":"river","name":"Tagoloan River"},"geometry":{"type":"LineString","coordinates":[[124.9581,8.3834],[124.9534,8.3841],[124.9529,8.3922],[124.9445,8.3947],[124.9395,8.3919],[124.9399,8.3889],[124.9287,8.3908],[124.9288,8.3946],[124.9358,8.398],[124.9292,8.4053],[124.9292,8.4077],[124.9336,8.4101],[124.9309,8.4111],[124.9246,8.4075],[124.9234,8.4138],[124.9143,8.4196],[124.908,8.4134],[124.9037,8.4203],[124.9047,8.4289]]}},{"type":"Feature","properties":{"kind":"river","name":"Tagoloan River"},"geometry":{"type":"LineString","coordinates":[[124.8281,8.5212],[124.8206,8.5197],[124.8183,8.5123],[124.8045,8.5153],[124.7998,8.5135],[124.7967,8.521],[124.7922,8.5227],[124.7921,8.5274],[124.784,8.5357],[124.7768,8.5353],[124.7646,8.5401],[124.758,8.5386],[124.7563,8.5418],[124.751,8.5435],[124.7477,8.5543],[124.7417,8.557]]}},{"type":"Feature","properties":{"kind":"river","name":"Cagayan de Oro River"},"geometry":{"type":"LineString","coordinates":[[124.5935,8.2887],[124.5956,8.2924],[124.5948,8.3035],[124.598,8.305],[124.6025,8.3018],[124.6071,8.305],[124.6014,8.3116],[124.6061,8.3283],[124.6019,8.3291],[124.6041,8.3346],[124.6008,8.336],[124.6008,8.3407],[124.602,8.3425],[124.6051,8.3412],[124.6099,8.3455],[124.6064,8.3502],[124.6074,8.3616],[124.6101,8.3635],[124.6145,8.3621],[124.6175,8.3663],[124.6112,8.3699],[124.6135,8.3738],[124.6106,8.3793],[124.6135,8.3984],[124.6163,8.4017],[124.6234,8.4004],[124.6233,8.4047],[124.6206,8.4043],[124.6191,8.4073],[124.6222,8.4125],[124.6176,8.421],[124.6207,8.4228],[124.6285,8.4182]]}},{"type":"Feature","properties":{"kind":"river","name":"Cagayan de Oro River"},"geometry":{"type":"LineString","coordinates":[[124.6285,8.4182],[124.6318,8.4254],[124.6389,8.4315],[124.636,8.4385],[124.6406,8.4459],[124.6385,8.4494],[124.6331,8.4514],[124.6343,8.4622],[124.6411,8.474]]}},{"type":"Feature","properties":{"kind":"river","name":"Cagayan de Oro River"},"geometry":{"type":"LineString","coordinates":[[124.5838,8.1423],[124.5823,8.145],[124.5845,8.1501],[124.5894,8.1532],[124.5838,8.1568],[124.5873,8.1597],[124.5838,8.1647],[124.5844,8.1677],[124.5809,8.1687],[124.5827,8.172],[124.5792,8.1748],[124.5836,8.1788],[124.5794,8.1822]]}},{"type":"Feature","properties":{"kind":"river","name":"Cagayan de Oro River"},"geometry":{"type":"LineString","coordinates":[[124.5794,8.1822],[124.5772,8.1854],[124.5715,8.1865],[124.5734,8.1924],[124.5771,8.1888],[124.5777,8.1924],[124.5706,8.1964],[124.5722,8.2065],[124.5662,8.2033],[124.5664,8.2087],[124.5716,8.2143],[124.5646,8.2204],[124.5654,8.2276],[124.5718,8.2305],[124.5722,8.2378],[124.5783,8.2436],[124.5779,8.2489],[124.5813,8.2518]]}},{"type":"Feature","properties":{"kind":"river","name":"Cagayan de Oro River"},"geometry":{"type":"LineString","coordinates":[[124.5813,8.2518],[124.5831,8.2531],[124.579,8.2578],[124.5798,8.2613],[124.5855,8.2624],[124.5841,8.2697],[124.5882,8.2762],[124.5826,8.2783],[124.5864,8.2849]]}},{"type":"Feature","properties":{"kind":"river","name":"Cagayan de Oro River"},"geometry":{"type":"LineString","coordinates":[[124.64,8.4807],[124.6401,8.4819]]}},{"type":"Feature","properties":{"kind":"river","name":"Cagayan de Oro River"},"geometry":{"type":"LineString","coordinates":[[124.6401,8.4784],[124.64,8.4807]]}},{"type":"Feature","properties":{"kind":"river","name":"Cagayan de Oro River"},"geometry":{"type":"LineString","coordinates":[[124.6401,8.4772],[124.6401,8.4784]]}},{"type":"Feature","properties":{"kind":"river","name":"Cagayan de Oro River"},"geometry":{"type":"LineString","coordinates":[[124.6402,8.4762],[124.6401,8.4772]]}},{"type":"Feature","properties":{"kind":"river","name":"Cagayan de Oro River"},"geometry":{"type":"LineString","coordinates":[[124.6411,8.474],[124.6402,8.4762]]}},{"type":"Feature","properties":{"kind":"river","name":"Cagayan de Oro River"},"geometry":{"type":"LineString","coordinates":[[124.6401,8.4819],[124.6426,8.491],[124.6528,8.4986],[124.6581,8.5061]]}},{"type":"Feature","properties":{"kind":"river","name":"Cagayan de Oro River"},"geometry":{"type":"LineString","coordinates":[[124.6307,8.4235],[124.6338,8.4372],[124.6362,8.4393]]}},{"type":"Feature","properties":{"kind":"river","name":"Cagayan de Oro River"},"geometry":{"type":"LineString","coordinates":[[124.5813,8.2902],[124.5834,8.2949],[124.5861,8.2896],[124.5935,8.2887]]}},{"type":"Feature","properties":{"kind":"river","name":"Cagayan de Oro River"},"geometry":{"type":"LineString","coordinates":[[124.5864,8.2849],[124.5829,8.2887]]}},{"type":"Feature","properties":{"kind":"river","name":"Cagayan de Oro River"},"geometry":{"type":"LineString","coordinates":[[124.5863,8.2858],[124.5829,8.2887]]}},{"type":"Feature","properties":{"kind":"river","name":"Cagayan de Oro River"},"geometry":{"type":"LineString","coordinates":[[124.5829,8.2887],[124.5813,8.2902]]}},{"type":"Feature","properties":{"kind":"river","name":"Panay River"},"geometry":{"type":"LineString","coordinates":[[122.4369,11.2288],[122.4395,11.2286],[122.4382,11.2258],[122.441,11.2234],[122.4525,11.2255],[122.4494,11.2182],[122.4524,11.2174],[122.4533,11.2134],[122.4579,11.2154],[122.4605,11.2123],[122.4635,11.2161],[122.4602,11.2172],[122.4623,11.2192],[122.4683,11.2192],[122.4704,11.2148],[122.473,11.2197],[122.4773,11.2168],[122.4769,11.2219],[122.4819,11.2199],[122.4822,11.2236],[122.4787,11.2244],[122.4775,11.2301],[122.4785,11.2317],[122.4805,11.23],[122.4813,11.239],[122.4863,11.2393],[122.4854,11.2423],[122.4889,11.2441],[122.4892,11.2388],[122.4917,11.2403],[122.4949,11.237],[122.4972,11.2399],[122.4979,11.236],[122.5128,11.2336],[122.5178,11.2307],[122.5187,11.2455],[122.5309,11.253],[122.5346,11.2494],[122.5392,11.2568],[122.5437,11.2554],[122.5487,11.2578],[122.5461,11.2624],[122.5495,11.2675]]}},{"type":"Feature","properties":{"kind":"river","name":"Panay River"},"geometry":{"type":"LineString","coordinates":[[122.7843,11.491],[122.7817,11.4917],[122.7773,11.488],[122.7753,11.4908],[122.7764,11.4935],[122.7729,11.4943]]}},{"type":"Feature","properties":{"kind":"river","name":"Panay River"},"geometry":{"type":"LineString","coordinates":[[122.7597,11.419],[122.7565,11.4216],[122.7559,11.4302],[122.7651,11.4289],[122.7659,11.4313],[122.7588,11.4439],[122.7749,11.4534],[122.7726,11.4574],[122.767,11.4527],[122.766,11.4563],[122.7734,11.4683],[122.7818,11.4764],[122.7809,11.4851],[122.7843,11.491]]}},{"type":"Feature","properties":{"kind":"river","name":"Panay River"},"geometry":{"type":"LineString","coordinates":[[122.7595,11.4106],[122.7597,11.419]]}},{"type":"Feature","properties":{"kind":"river","name":"Panay River"},"geometry":{"type":"LineString","coordinates":[[122.6638,11.3092],[122.6584,11.3191],[122.6651,11.3221],[122.6646,11.3286],[122.6684,11.3304],[122.6635,11.3335],[122.6622,11.3427],[122.6679,11.3437],[122.6646,11.352],[122.666,11.3492],[122.6704,11.3505],[122.6734,11.3547]]}},{"type":"Feature","properties":{"kind":"river","name":"Panay River"},"geometry":{"type":"LineString","coordinates":[[122.6922,11.4022],[122.6966,11.4062],[122.7036,11.4025],[122.7005,11.397],[122.7079,11.4003],[122.7097,11.3943],[122.7124,11.4007],[122.717,11.4034],[122.7183,11.401],[122.7153,11.3954],[122.7172,11.3941],[122.7222,11.4011],[122.731,11.3988],[122.7357,11.4048],[122.7346,11.3989],[122.7402,11.4006],[122.7386,11.3952],[122.7421,11.3922],[122.7441,11.396],[122.7419,11.3997],[122.7454,11.4019]]}},{"type":"Feature","properties":{"kind":"river","name":"Panay River"},"geometry":{"type":"LineString","coordinates":[[122.6734,11.3547],[122.6763,11.35],[122.6742,11.3457],[122.6787,11.3458],[122.6805,11.349]]}},{"type":"Feature","properties":{"kind":"river","name":"Panay River"},"geometry":{"type":"LineString","coordinates":[[122.7478,11.4013],[122.7478,11.4046],[122.7544,11.4046],[122.7521,11.4086],[122.7562,11.4078],[122.7595,11.4106]]}},{"type":"Feature","properties":{"kind":"river","name":"Panay River"},"geometry":{"type":"LineString","coordinates":[[122.7454,11.4019],[122.7478,11.4013]]}},{"type":"Feature","properties":{"kind":"river","name":"Panay River"},"geometry":{"type":"LineString","coordinates":[[122.7729,11.4943],[122.7718,11.5006],[122.7648,11.4999],[122.7658,11.5038],[122.7719,11.5068],[122.7695,11.5134],[122.7767,11.5147],[122.7764,11.5187],[122.7792,11.5214],[122.7888,11.5208],[122.7838,11.5231],[122.7851,11.5285],[122.778,11.5286],[122.7767,11.524],[122.7714,11.5273],[122.7754,11.5348],[122.77,11.5489]]}},{"type":"Feature","properties":{"kind":"river","name":"Panay River"},"geometry":{"type":"LineString","coordinates":[[122.77,11.5489],[122.7753,11.5509],[122.7807,11.541],[122.7867,11.5511],[122.7858,11.5527],[122.7831,11.5498],[122.7818,11.5545],[122.7863,11.5564],[122.7785,11.5609],[122.7757,11.5728],[122.7721,11.5715],[122.7746,11.574],[122.7714,11.574],[122.7719,11.5768],[122.7684,11.5749],[122.7637,11.5785],[122.7649,11.5806],[122.7594,11.5786],[122.7523,11.5825],[122.7493,11.5786],[122.7444,11.5807],[122.7411,11.576],[122.7344,11.5782],[122.7253,11.5775],[122.719,11.5852],[122.7148,11.5843]]}},{"type":"Feature","properties":{"kind":"river","name":"Panay River"},"geometry":{"type":"LineString","coordinates":[[122.3769,11.3212],[122.3802,11.3187],[122.3811,11.3222],[122.3854,11.3184],[122.385,11.3152],[122.3883,11.3157],[122.3881,11.3127],[122.3903,11.3126],[122.3892,11.3094],[122.3952,11.3083],[122.3952,11.3061],[122.4006,11.3082],[122.4095,11.3016],[122.4114,11.2967]]}},{"type":"Feature","properties":{"kind":"river","name":"Panay River"},"geometry":{"type":"LineString","coordinates":[[122.3671,11.3245],[122.3703,11.3269],[122.374,11.3225],[122.3726,11.3204],[122.3769,11.3212]]}},{"type":"Feature","properties":{"kind":"river","name":"Panay River"},"geometry":{"type":"LineString","coordinates":[[122.4114,11.2967],[122.4131,11.2947],[122.4111,11.2863],[122.4136,11.2812],[122.4092,11.2814],[122.407,11.2706],[122.4087,11.269],[122.4144,11.2708],[122.4093,11.2641],[122.4112,11.2608],[122.4091,11.2553],[122.4046,11.2553],[122.4059,11.2518],[122.4027,11.243],[122.4049,11.2406],[122.4009,11.2332],[122.4065,11.2287],[122.4039,11.2272],[122.4048,11.2256],[122.4125,11.2271],[122.4148,11.225],[122.4181,11.2275],[122.4196,11.2222],[122.4243,11.2208],[122.4218,11.2264],[122.423,11.2282],[122.4369,11.2288]]}},{"type":"Feature","properties":{"kind":"river","name":"Panay River"},"geometry":{"type":"LineString","coordinates":[[122.6805,11.349],[122.6867,11.3626],[122.6849,11.3673],[122.6846,11.3607],[122.6814,11.3594],[122.6788,11.3612],[122.6778,11.3698],[122.6841,11.3732],[122.6798,11.387],[122.6816,11.3877],[122.6846,11.3816],[122.6886,11.3824],[122.6862,11.3901],[122.6922,11.4022]]}},{"type":"Feature","properties":{"kind":"river","name":"Panay River"},"geometry":{"type":"LineString","coordinates":[[122.6029,11.2882],[122.6046,11.2907],[122.6102,11.2901],[122.6177,11.2981],[122.6222,11.316],[122.6276,11.3173],[122.6286,11.3204],[122.6416,11.3167],[122.6399,11.31],[122.6462,11.3184],[122.6536,11.314],[122.6541,11.3087],[122.6638,11.3092]]}},{"type":"Feature","properties":{"kind":"river","name":"Panay River"},"geometry":{"type":"LineString","coordinates":[[122.5867,11.2797],[122.5937,11.2764],[122.5958,11.2837],[122.6005,11.2812],[122.6026,11.2829],[122.6029,11.2882]]}},{"type":"Feature","properties":{"kind":"river","name":"Panay River"},"geometry":{"type":"LineString","coordinates":[[122.5495,11.2675],[122.5523,11.2718],[122.5563,11.2667],[122.5592,11.2697],[122.563,11.2688],[122.5644,11.2723],[122.5723,11.2729],[122.5758,11.2831],[122.5782,11.283],[122.5765,11.2799],[122.5792,11.2741],[122.5843,11.2746],[122.5867,11.2797]]}},{"type":"Feature","properties":{"kind":"river","name":"Abulug River"},"geometry":{"type":"LineString","coordinates":[[121.3867,18.2061],[121.4032,18.2217]]}},{"type":"Feature","properties":{"kind":"river","name":"Abulug River"},"geometry":{"type":"LineString","coordinates":[[121.2803,18.541],[121.2662,18.5479],[121.2638,18.5549],[121.2485,18.5668]]}},{"type":"Feature","properties":{"kind":"river","name":"Abulug River"},"geometry":{"type":"LineString","coordinates":[[121.3867,18.2061],[121.3931,18.2059],[121.4023,18.2147],[121.4039,18.2194]]}},{"type":"Feature","properties":{"kind":"river","name":"Abulug River"},"geometry":{"type":"LineString","coordinates":[[121.4039,18.2194],[121.4036,18.223],[121.4106,18.2297],[121.4092,18.2328],[121.4019,18.2357],[121.4074,18.2464],[121.4088,18.2651],[121.4195,18.2696],[121.4188,18.2729],[121.4118,18.2754]]}},{"type":"Feature","properties":{"kind":"river","name":"Abulug River"},"geometry":{"type":"LineString","coordinates":[[121.407,18.2902],[121.4081,18.296],[121.403,18.3024],[121.3982,18.303],[121.3904,18.2991],[121.3885,18.3021],[121.3918,18.3117],[121.3962,18.3153],[121.4044,18.3155],[121.4086,18.3108],[121.4122,18.3114]]}},{"type":"Feature","properties":{"kind":"river","name":"Abulug River"},"geometry":{"type":"LineString","coordinates":[[121.4143,18.331],[121.4146,18.3331],[121.4244,18.337],[121.4345,18.3511],[121.4337,18.3633],[121.419,18.3769],[121.4256,18.3912],[121.437,18.4035],[121.4313,18.416],[121.4355,18.4236],[121.4326,18.4394],[121.4464,18.4625]]}},{"type":"Feature","properties":{"kind":"river","name":"Abulug River"},"geometry":{"type":"LineString","coordinates":[[121.407,18.2826],[121.4137,18.2942]]}},{"type":"Feature","properties":{"kind":"river","name":"Abulug River"},"geometry":{"type":"LineString","coordinates":[[121.3436,18.1034],[121.3473,18.1038],[121.3523,18.1108],[121.3528,18.1178]]}},{"type":"Feature","properties":{"kind":"river","name":"Abulug River"},"geometry":{"type":"LineString","coordinates":[[121.3648,18.1746],[121.3602,18.1919],[121.3671,18.1993]]}},{"type":"Feature","properties":{"kind":"river","name":"Abulug River"},"geometry":{"type":"LineString","coordinates":[[121.3671,18.1993],[121.3747,18.2039],[121.3867,18.2061]]}},{"type":"Feature","properties":{"kind":"river","name":"Abulug River"},"geometry":{"type":"LineString","coordinates":[[121.3648,18.1746],[121.3704,18.185],[121.368,18.1868],[121.3682,18.1913],[121.3737,18.1962],[121.3778,18.2046]]}},{"type":"Feature","properties":{"kind":"river","name":"Abulug River"},"geometry":{"type":"LineString","coordinates":[[121.4192,18.323],[121.4143,18.331]]}},{"type":"Feature","properties":{"kind":"river","name":"Abulug River"},"geometry":{"type":"LineString","coordinates":[[121.4118,18.2754],[121.4052,18.2869],[121.408,18.2915],[121.419,18.2979],[121.4122,18.3114],[121.4192,18.323]]}},{"type":"Feature","properties":{"kind":"river","name":"Abulug River"},"geometry":{"type":"LineString","coordinates":[[121.4039,18.2194],[121.4117,18.2196],[121.4165,18.2258],[121.4149,18.2373],[121.4164,18.2459],[121.4105,18.251],[121.4116,18.254]]}},{"type":"Feature","properties":{"kind":"river","name":"Abulug River"},"geometry":{"type":"LineString","coordinates":[[121.4125,18.4667],[121.419,18.4605],[121.4418,18.4564]]}},{"type":"Feature","properties":{"kind":"river","name":"Abulug River"},"geometry":{"type":"LineString","coordinates":[[121.3636,18.1369],[121.3485,18.136],[121.3444,18.1401],[121.3476,18.1456],[121.3578,18.1503],[121.3534,18.1597],[121.3615,18.1644],[121.3648,18.1746]]}},{"type":"Feature","properties":{"kind":"river","name":"Abulug River"},"geometry":{"type":"LineString","coordinates":[[121.2801,18.5401],[121.2803,18.541]]}},{"type":"Feature","properties":{"kind":"river","name":"Abulug River"},"geometry":{"type":"LineString","coordinates":[[121.4116,18.254],[121.4095,18.2604]]}},{"type":"Feature","properties":{"kind":"river","name":"Angat River"},"geometry":{"type":"LineString","coordinates":[[121.0676,14.9129],[121.0661,14.9105],[121.052,14.906],[121.0509,14.9164],[121.0471,14.9214],[121.0361,14.9153],[121.0316,14.9167],[121.0303,14.9212],[121.0347,14.9321],[121.0186,14.9426],[121.0167,14.9548]]}},{"type":"Feature","properties":{"kind":"river","name":"Angat River"},"geometry":{"type":"LineString","coordinates":[[121.1777,15.0615],[121.1788,15.0573],[121.1853,15.0564],[121.1838,15.0521],[121.1855,15.05],[121.1892,15.0524],[121.1911,15.0499],[121.196,15.0498],[121.1972,15.0426],[121.2055,15.0433],[121.2035,15.0403],[121.2056,15.0386],[121.2004,15.0372],[121.1998,15.0326],[121.1957,15.0331],[121.1932,15.0279],[121.2038,15.0083],[121.1959,14.9937],[121.1976,14.957],[121.1908,14.9468]]}},{"type":"Feature","properties":{"kind":"river","name":"Angat River"},"geometry":{"type":"LineString","coordinates":[[120.7665,14.8694],[120.7684,14.8717],[120.7706,14.8706],[120.7677,14.8649]]}},{"type":"Feature","properties":{"kind":"river","name":"Angat River"},"geometry":{"type":"LineString","coordinates":[[120.8889,14.9289],[120.8897,14.9215]]}},{"type":"Feature","properties":{"kind":"river","name":"Angat River"},"geometry":{"type":"LineString","coordinates":[[120.7606,14.8027],[120.7606,14.7827],[120.7543,14.7697],[120.7529,14.7607]]}},{"type":"Feature","properties":{"kind":"river","name":"Angat River"},"geometry":{"type":"LineString","coordinates":[[121.1908,14.9468],[121.1882,14.9358],[121.1768,14.9255],[121.1793,14.9175],[121.1669,14.9109],[121.1671,14.903],[121.1736,14.9029],[121.1762,14.9005],[121.1706,14.8981],[121.1678,14.8925],[121.1601,14.889],[121.1548,14.8825],[121.158,14.8761]]}},{"type":"Feature","properties":{"kind":"river","name":"Angat River"},"geometry":{"type":"LineString","coordinates":[[121.158,14.8761],[121.1567,14.8735],[121.151,14.8732]]}},{"type":"Feature","properties":{"kind":"river","name":"Angat River"},"geometry":{"type":"LineString","coordinates":[[121.1472,14.8753],[121.1403,14.8813],[121.1443,14.8915],[121.1395,14.8982],[121.1447,14.9021],[121.1437,14.9089],[121.1416,14.9056],[121.1365,14.9043],[121.1335,14.9069],[121.1252,14.9066],[121.1182,14.9018],[121.1181,14.8953],[121.1147,14.8936],[121.1113,14.8947],[121.1099,14.9002],[121.1068,14.9013],[121.0914,14.8973],[121.0926,14.9008],[121.0894,14.9076],[121.0754,14.9045],[121.0762,14.9122],[121.0731,14.9167],[121.0698,14.9168],[121.0676,14.9129]]}},{"type":"Feature","properties":{"kind":"river","name":"Angat River"},"geometry":{"type":"LineString","coordinates":[[121.0167,14.9548],[121.0102,14.9596],[121.0045,14.9593]]}},{"type":"Feature","properties":{"kind":"river","name":"Angat River"},"geometry":{"type":"LineString","coordinates":[[120.6085,15.4521],[120.6169,15.4542],[120.6255,15.4499],[120.6275,15.4568]]}},{"type":"Feature","properties":{"kind":"river","name":"Angat River"},"geometry":{"type":"LineString","coordinates":[[120.9492,14.9595],[120.9433,14.9624]]}},{"type":"Feature","properties":{"kind":"river","name":"Angat River"},"geometry":{"type":"LineString","coordinates":[[121.1473,14.8751],[121.1472,14.8753]]}},{"type":"Feature","properties":{"kind":"river","name":"Angat River"},"geometry":{"type":"LineString","coordinates":[[121.151,14.8732],[121.1473,14.8751]]}},{"type":"Feature","properties":{"kind":"river","name":"Angat River"},"geometry":{"type":"LineString","coordinates":[[120.8105,14.9012],[120.8027,14.9014]]}},{"type":"Feature","properties":{"kind":"river","name":"Angat River"},"geometry":{"type":"LineString","coordinates":[[120.826,14.9046],[120.8242,14.9056],[120.8214,14.9033]]}},{"type":"Feature","properties":{"kind":"river","name":"Angat River"},"geometry":{"type":"LineString","coordinates":[[120.8371,14.8974],[120.8316,14.8983],[120.826,14.9046]]}},{"type":"Feature","properties":{"kind":"river","name":"Angat River"},"geometry":{"type":"LineString","coordinates":[[120.8433,14.899],[120.8371,14.8974]]}},{"type":"Feature","properties":{"kind":"river","name":"Angat River"},"geometry":{"type":"LineString","coordinates":[[120.8523,14.8988],[120.8467,14.8983]]}},{"type":"Feature","properties":{"kind":"river","name":"Angat River"},"geometry":{"type":"LineString","coordinates":[[120.8593,14.9012],[120.8523,14.8988]]}},{"type":"Feature","properties":{"kind":"river","name":"Angat River"},"geometry":{"type":"LineString","coordinates":[[120.8578,14.888],[120.8559,14.8929],[120.8598,14.8981]]}},{"type":"Feature","properties":{"kind":"river","name":"Angat River"},"geometry":{"type":"LineString","coordinates":[[120.8772,14.8978],[120.8764,14.893],[120.8723,14.8923]]}},{"type":"Feature","properties":{"kind":"river","name":"Angat River"},"geometry":{"type":"LineString","coordinates":[[120.8904,14.9068],[120.8863,14.9034],[120.8812,14.9031]]}},{"type":"Feature","properties":{"kind":"river","name":"Angat River"},"geometry":{"type":"LineString","coordinates":[[120.8184,14.901],[120.8129,14.9002]]}},{"type":"Feature","properties":{"kind":"river","name":"Angat River"},"geometry":{"type":"LineString","coordinates":[[120.7626,14.878],[120.7677,14.8649],[120.7647,14.8424]]}},{"type":"Feature","properties":{"kind":"river","name":"Angat River"},"geometry":{"type":"LineString","coordinates":[[120.9241,14.9647],[120.9168,14.9588],[120.911,14.9585],[120.9065,14.9554]]}},{"type":"Feature","properties":{"kind":"river","name":"Angat River"},"geometry":{"type":"LineString","coordinates":[[120.8598,14.8981],[120.8593,14.9012]]}},{"type":"Feature","properties":{"kind":"river","name":"Angat River"},"geometry":{"type":"LineString","coordinates":[[120.88,14.9029],[120.8772,14.8978]]}},{"type":"Feature","properties":{"kind":"river","name":"Angat River"},"geometry":{"type":"LineString","coordinates":[[120.7624,14.8241],[120.7623,14.8236]]}},{"type":"Feature","properties":{"kind":"river","name":"Angat River"},"geometry":{"type":"LineString","coordinates":[[120.7641,14.838],[120.7624,14.8241]]}},{"type":"Feature","properties":{"kind":"river","name":"Angat River"},"geometry":{"type":"LineString","coordinates":[[120.7647,14.8424],[120.7645,14.8409]]}},{"type":"Feature","properties":{"kind":"river","name":"Angat River"},"geometry":{"type":"LineString","coordinates":[[120.7622,14.8228],[120.7609,14.8083]]}},{"type":"Feature","properties":{"kind":"river","name":"Angat River"},"geometry":{"type":"LineString","coordinates":[[120.7609,14.8059],[120.7606,14.8027]]}},{"type":"Feature","properties":{"kind":"river","name":"Angat River"},"geometry":{"type":"LineString","coordinates":[[120.7609,14.8083],[120.7609,14.8059]]}},{"type":"Feature","properties":{"kind":"river","name":"Angat River"},"geometry":{"type":"LineString","coordinates":[[120.7623,14.8236],[120.7622,14.8228]]}},{"type":"Feature","properties":{"kind":"river","name":"Angat River"},"geometry":{"type":"LineString","coordinates":[[120.7645,14.8409],[120.7641,14.838]]}},{"type":"Feature","properties":{"kind":"river","name":"Angat River"},"geometry":{"type":"LineString","coordinates":[[120.7625,14.8786],[120.7626,14.878]]}},{"type":"Feature","properties":{"kind":"river","name":"Angat River"},"geometry":{"type":"LineString","coordinates":[[120.7718,14.9014],[120.7625,14.8847],[120.7625,14.8786]]}},{"type":"Feature","properties":{"kind":"river","name":"Angat River"},"geometry":{"type":"LineString","coordinates":[[120.9547,14.9567],[120.954,14.9573]]}},{"type":"Feature","properties":{"kind":"river","name":"Angat River"},"geometry":{"type":"LineString","coordinates":[[120.9281,14.9644],[120.9241,14.9647]]}},{"type":"Feature","properties":{"kind":"river","name":"Angat River"},"geometry":{"type":"LineString","coordinates":[[120.9433,14.9624],[120.9378,14.9606]]}},{"type":"Feature","properties":{"kind":"river","name":"Angat River"},"geometry":{"type":"LineString","coordinates":[[120.9065,14.9554],[120.9057,14.9538]]}},{"type":"Feature","properties":{"kind":"river","name":"Angat River"},"geometry":{"type":"LineString","coordinates":[[120.9037,14.9464],[120.8996,14.9428]]}},{"type":"Feature","properties":{"kind":"river","name":"Angat River"},"geometry":{"type":"LineString","coordinates":[[120.8972,14.9378],[120.8958,14.9349]]}},{"type":"Feature","properties":{"kind":"river","name":"Angat River"},"geometry":{"type":"LineString","coordinates":[[120.8897,14.9215],[120.8932,14.9094]]}},{"type":"Feature","properties":{"kind":"river","name":"Angat River"},"geometry":{"type":"LineString","coordinates":[[120.8681,14.8921],[120.8671,14.8919]]}},{"type":"Feature","properties":{"kind":"river","name":"Angat River"},"geometry":{"type":"LineString","coordinates":[[120.8467,14.8983],[120.8433,14.899]]}},{"type":"Feature","properties":{"kind":"river","name":"Angat River"},"geometry":{"type":"LineString","coordinates":[[120.9057,14.9538],[120.9037,14.9464]]}},{"type":"Feature","properties":{"kind":"river","name":"Angat River"},"geometry":{"type":"LineString","coordinates":[[120.9936,14.9557],[120.9874,14.949],[120.9735,14.9534]]}},{"type":"Feature","properties":{"kind":"river","name":"Angat River"},"geometry":{"type":"LineString","coordinates":[[120.8908,14.9304],[120.8889,14.9289]]}},{"type":"Feature","properties":{"kind":"river","name":"Angat River"},"geometry":{"type":"LineString","coordinates":[[120.8996,14.9428],[120.8972,14.9378]]}},{"type":"Feature","properties":{"kind":"river","name":"Angat River"},"geometry":{"type":"LineString","coordinates":[[120.6315,15.4653],[120.6379,15.4777]]}},{"type":"Feature","properties":{"kind":"river","name":"Angat River"},"geometry":{"type":"LineString","coordinates":[[120.6275,15.4568],[120.6315,15.4653]]}},{"type":"Feature","properties":{"kind":"river","name":"Angat River"},"geometry":{"type":"LineString","coordinates":[[120.9378,14.9606],[120.9319,14.9615]]}},{"type":"Feature","properties":{"kind":"river","name":"Angat River"},"geometry":{"type":"LineString","coordinates":[[120.8958,14.9349],[120.8908,14.9304]]}},{"type":"Feature","properties":{"kind":"river","name":"Angat River"},"geometry":{"type":"LineString","coordinates":[[120.9598,14.9544],[120.9547,14.9567]]}},{"type":"Feature","properties":{"kind":"river","name":"Angat River"},"geometry":{"type":"LineString","coordinates":[[120.8671,14.8919],[120.8633,14.8896]]}},{"type":"Feature","properties":{"kind":"river","name":"Angat River"},"geometry":{"type":"LineString","coordinates":[[120.8723,14.8923],[120.8681,14.8921]]}},{"type":"Feature","properties":{"kind":"river","name":"Angat River"},"geometry":{"type":"LineString","coordinates":[[120.8812,14.9031],[120.88,14.9029]]}},{"type":"Feature","properties":{"kind":"river","name":"Angat River"},"geometry":{"type":"LineString","coordinates":[[120.8915,14.9076],[120.8904,14.9068]]}},{"type":"Feature","properties":{"kind":"river","name":"Angat River"},"geometry":{"type":"LineString","coordinates":[[120.8932,14.9094],[120.8915,14.9076]]}},{"type":"Feature","properties":{"kind":"river","name":"Angat River"},"geometry":{"type":"LineString","coordinates":[[120.8214,14.9033],[120.8184,14.901]]}},{"type":"Feature","properties":{"kind":"river","name":"Angat River"},"geometry":{"type":"LineString","coordinates":[[120.8129,14.9002],[120.8105,14.9012]]}},{"type":"Feature","properties":{"kind":"river","name":"Angat River"},"geometry":{"type":"LineString","coordinates":[[120.8633,14.8896],[120.8578,14.888]]}},{"type":"Feature","properties":{"kind":"river","name":"Angat River"},"geometry":{"type":"LineString","coordinates":[[120.9319,14.9615],[120.93,14.9639]]}},{"type":"Feature","properties":{"kind":"river","name":"Angat River"},"geometry":{"type":"LineString","coordinates":[[120.9677,14.9536],[120.9598,14.9544]]}},{"type":"Feature","properties":{"kind":"river","name":"Angat River"},"geometry":{"type":"LineString","coordinates":[[120.9735,14.9534],[120.9677,14.9536]]}},{"type":"Feature","properties":{"kind":"river","name":"Angat River"},"geometry":{"type":"LineString","coordinates":[[120.954,14.9573],[120.9492,14.9595]]}},{"type":"Feature","properties":{"kind":"river","name":"Angat River"},"geometry":{"type":"LineString","coordinates":[[121.0045,14.9593],[120.9936,14.9557]]}},{"type":"Feature","properties":{"kind":"river","name":"Angat River"},"geometry":{"type":"LineString","coordinates":[[120.8027,14.9014],[120.7932,14.9002]]}},{"type":"Feature","properties":{"kind":"river","name":"Angat River"},"geometry":{"type":"LineString","coordinates":[[120.7886,14.9011],[120.7839,14.9019]]}},{"type":"Feature","properties":{"kind":"river","name":"Angat River"},"geometry":{"type":"LineString","coordinates":[[120.7932,14.9002],[120.7886,14.9011]]}},{"type":"Feature","properties":{"kind":"river","name":"Angat River"},"geometry":{"type":"LineString","coordinates":[[120.7788,14.9025],[120.7754,14.9029]]}},{"type":"Feature","properties":{"kind":"river","name":"Angat River"},"geometry":{"type":"LineString","coordinates":[[120.7754,14.9029],[120.7718,14.9014]]}},{"type":"Feature","properties":{"kind":"river","name":"Angat River"},"geometry":{"type":"LineString","coordinates":[[120.7817,14.9022],[120.7788,14.9025]]}},{"type":"Feature","properties":{"kind":"river","name":"Angat River"},"geometry":{"type":"LineString","coordinates":[[120.7839,14.9019],[120.7817,14.9022]]}},{"type":"Feature","properties":{"kind":"river","name":"Angat River"},"geometry":{"type":"LineString","coordinates":[[120.9297,14.964],[120.9281,14.9644]]}},{"type":"Feature","properties":{"kind":"river","name":"Angat River"},"geometry":{"type":"LineString","coordinates":[[120.93,14.9639],[120.9297,14.964]]}},{"type":"Feature","properties":{"kind":"river","name":"Ilagan River"},"geometry":{"type":"LineString","coordinates":[[121.9833,16.3053],[121.9894,16.3081],[121.9879,16.3139],[121.9903,16.3168],[121.9856,16.3218],[121.9868,16.3244],[121.9848,16.3279],[121.9865,16.3328],[121.9941,16.334],[121.9941,16.3415],[121.999,16.3446],[121.9997,16.3527],[122.0017,16.3541],[122.0014,16.3607],[122.0101,16.3642],[122.0177,16.3629],[122.0369,16.3694],[122.041,16.3746],[122.0441,16.3883],[122.0405,16.3909],[122.0379,16.3889],[122.0283,16.3961],[122.0327,16.3994],[122.0308,16.4011],[122.0324,16.4049],[122.0309,16.4104],[122.0371,16.4117],[122.0347,16.4158],[122.0279,16.4148],[122.0249,16.4312],[122.0282,16.4316],[122.0366,16.4403],[122.0373,16.4439],[122.0407,16.445],[122.0367,16.4586],[122.0338,16.4599],[122.0255,16.4566],[122.0155,16.457],[122.0069,16.4661],[122.0075,16.4714],[122.0014,16.4745],[121.9991,16.4931],[121.9916,16.4868],[121.9892,16.4877],[121.9906,16.492],[121.9996,16.498],[122.0056,16.5089],[122.0135,16.5097],[122.0164,16.5124],[122.0183,16.5181],[122.017,16.5256],[122.023,16.5285],[122.0234,16.5335],[122.0295,16.5367],[122.0239,16.545],[122.0261,16.5482],[122.0352,16.5505],[122.0293,16.5564],[122.0385,16.5628],[122.028,16.5688],[122.0259,16.5627],[122.0239,16.5626],[122.0203,16.5683],[122.0155,16.5704],[122.0169,16.5731],[122.0285,16.5732],[122.0225,16.5885],[122.0115,16.5928],[122.0187,16.6012],[122.0261,16.597],[122.0378,16.5951],[122.0445,16.5979],[122.0528,16.6168],[122.0454,16.6218],[122.0592,16.6339],[122.0533,16.6375],[122.0527,16.6406],[122.05,16.64],[122.05,16.6369],[122.0451,16.6389],[122.0473,16.6442],[122.0452,16.646],[122.0479,16.6532],[122.0474,16.6617],[122.0513,16.6628],[122.0525,16.6582],[122.064,16.6515],[122.0718,16.6512],[122.0695,16.6619],[122.0729,16.6703],[122.0748,16.6723],[122.079,16.6689],[122.0801,16.6761],[122.0894,16.6823],[122.0859,16.6956],[122.0943,16.7128],[122.0913,16.7176],[122.0955,16.7212]]}},{"type":"Feature","properties":{"kind":"river","name":"Ilagan River"},"geometry":{"type":"LineString","coordinates":[[121.961,17.1051],[121.9578,17.1033],[121.95,17.1053],[121.9283,17.1203]]}},{"type":"Feature","properties":{"kind":"river","name":"Ilagan River"},"geometry":{"type":"LineString","coordinates":[[121.9672,17.0484],[121.9714,17.0535],[121.9671,17.0572],[121.9639,17.0723]]}},{"type":"Feature","properties":{"kind":"river","name":"Ilagan River"},"geometry":{"type":"LineString","coordinates":[[121.9698,17.0512],[121.9699,17.0541]]}},{"type":"Feature","properties":{"kind":"river","name":"Ilagan River"},"geometry":{"type":"LineString","coordinates":[[122.0258,16.7667],[122.027,16.7768],[122.0303,16.7783],[122.0319,16.7826],[122.043,16.7891],[122.071,16.7915],[122.069,16.8062],[122.0775,16.8101],[122.0747,16.8134],[122.0653,16.8129],[122.0646,16.8171],[122.0698,16.8256],[122.0768,16.828],[122.0772,16.8397],[122.0691,16.8398],[122.0655,16.8365],[122.0654,16.8324],[122.0625,16.8317],[122.0605,16.8382],[122.0525,16.8405],[122.049,16.8446],[122.0512,16.8486],[122.0501,16.8579],[122.047,16.8614],[122.0395,16.8627],[122.037,16.859],[122.0397,16.8527],[122.0287,16.8506],[122.0237,16.8637],[122.0207,16.8659],[122.0277,16.8917],[122.0232,16.8952],[122.0175,16.8939],[122.0104,16.9097],[122.0168,16.9242],[122.027,16.9346],[122.0275,16.9394],[122.0249,16.9445],[122.0184,16.9486],[122.0151,16.965],[122.0094,16.9737],[122.0133,16.9792],[122.0234,16.9841],[122.0223,16.9883],[122.0115,16.9916],[121.9989,16.9881],[121.9879,16.999],[121.982,17.0013],[121.9746,16.9978],[121.968,16.9879],[121.959,16.9922],[121.9559,16.9978],[121.9578,17.0192],[121.9619,17.025],[121.9687,17.0247],[121.979,17.0146],[121.9835,17.0146],[121.9864,17.0183],[121.984,17.0281],[121.9713,17.0405],[121.9579,17.0663],[121.9595,17.0711],[121.9639,17.0723],[121.9652,17.0856],[121.9763,17.0915],[121.976,17.0967],[121.9707,17.1024],[121.9543,17.1075],[121.9537,17.1133],[121.9363,17.1208],[121.914,17.1188],[121.9076,17.1211],[121.8974,17.1395]]}},{"type":"Feature","properties":{"kind":"river","name":"Ilagan River"},"geometry":{"type":"LineString","coordinates":[[122.0955,16.7212],[122.0946,16.7292],[122.0884,16.7282],[122.0846,16.7306],[122.0868,16.7383],[122.0845,16.7425],[122.0729,16.7396],[122.0646,16.7425],[122.0586,16.7382],[122.0498,16.7363],[122.0358,16.7648],[122.0258,16.7667]]}},{"type":"Feature","properties":{"kind":"river","name":"Ilagan River"},"geometry":{"type":"LineString","coordinates":[[121.8971,17.1481],[121.9011,17.1547],[121.9019,17.1627],[121.8874,17.1684]]}},{"type":"Feature","properties":{"kind":"river","name":"Cagayan River"},"geometry":{"type":"LineString","coordinates":[[121.6471,18.1622],[121.6415,18.1648],[121.6367,18.1708],[121.6336,18.1781],[121.6338,18.1897],[121.6374,18.1965],[121.6484,18.1989],[121.6519,18.2032]]}},{"type":"Feature","properties":{"kind":"river","name":"Cagayan River"},"geometry":{"type":"LineString","coordinates":[[121.6471,18.1622],[121.6427,18.1688],[121.6433,18.1814],[121.6519,18.2032]]}},{"type":"Feature","properties":{"kind":"river","name":"Cagayan River"},"geometry":{"type":"LineString","coordinates":[[121.8216,17.2578],[121.8156,17.2545],[121.8059,17.2563],[121.8007,17.2678]]}},{"type":"Feature","properties":{"kind":"river","name":"Cagayan River"},"geometry":{"type":"LineString","coordinates":[[121.8534,17.1092],[121.8582,17.1129],[121.8617,17.1268]]}},{"type":"Feature","properties":{"kind":"river","name":"Cagayan River"},"geometry":{"type":"LineString","coordinates":[[121.6529,17.9651],[121.6487,17.9667],[121.6251,17.9608],[121.6158,17.9632],[121.6072,17.9696],[121.6013,17.9769],[121.5996,17.987],[121.6006,17.9976],[121.6057,18.0093]]}},{"type":"Feature","properties":{"kind":"river","name":"Cagayan River"},"geometry":{"type":"LineString","coordinates":[[121.6514,17.855],[121.6417,17.8483],[121.6403,17.8525]]}},{"type":"Feature","properties":{"kind":"river","name":"Cagayan River"},"geometry":{"type":"LineString","coordinates":[[121.6723,18.2393],[121.6686,18.2584],[121.6696,18.2754]]}},{"type":"Feature","properties":{"kind":"river","name":"Cagayan River"},"geometry":{"type":"LineString","coordinates":[[121.7238,17.6036],[121.7165,17.6007],[121.7003,17.5729],[121.6899,17.5674],[121.6843,17.5702],[121.6823,17.5761],[121.6819,17.5925],[121.6851,17.6076]]}},{"type":"Feature","properties":{"kind":"river","name":"Cagayan River"},"geometry":{"type":"LineString","coordinates":[[121.6857,17.7764],[121.6803,17.7816],[121.6797,17.7859],[121.6825,17.7934],[121.688,17.7978],[121.7051,17.7946],[121.7097,17.7901],[121.7117,17.7832],[121.7179,17.7795],[121.7212,17.7795],[121.7243,17.7835],[121.7217,17.7906]]}},{"type":"Feature","properties":{"kind":"river","name":"Cagayan River"},"geometry":{"type":"LineString","coordinates":[[121.2314,15.9618],[121.2351,15.9535],[121.2356,15.9406],[121.241,15.9425],[121.2466,15.9392],[121.249,15.9407],[121.2668,15.9233],[121.266,15.9213],[121.2759,15.9167],[121.2783,15.9117],[121.2844,15.9098],[121.2855,15.9037],[121.2902,15.9033],[121.2916,15.9069],[121.2979,15.9057],[121.303,15.9097],[121.3031,15.9016],[121.3054,15.9012],[121.3101,15.9083],[121.3144,15.9073],[121.3195,15.9098],[121.3222,15.9061],[121.3334,15.9093],[121.3337,15.9148],[121.3364,15.9166],[121.3346,15.9186],[121.3391,15.9212],[121.339,15.9234],[121.3436,15.9242],[121.3431,15.932],[121.3467,15.9326],[121.3416,15.9373],[121.3455,15.9383],[121.3437,15.9424],[121.349,15.9452],[121.346,15.9516],[121.3549,15.9613],[121.3604,15.9636],[121.3572,15.9669],[121.3584,15.9721],[121.3532,15.9736],[121.3543,15.9762],[121.3494,15.9839],[121.3512,15.9863],[121.3476,15.9871],[121.3493,15.993]]}},{"type":"Feature","properties":{"kind":"river","name":"Cagayan River"},"geometry":{"type":"LineString","coordinates":[[121.4491,16.0325],[121.4556,16.0383],[121.4561,16.0416]]}},{"type":"Feature","properties":{"kind":"river","name":"Cagayan River"},"geometry":{"type":"LineString","coordinates":[[121.7269,16.5373],[121.7204,16.5404],[121.72,16.5498],[121.7243,16.5604],[121.7197,16.5677],[121.71,16.5621],[121.7009,16.5406],[121.6915,16.5414],[121.6798,16.546],[121.6691,16.5395],[121.6649,16.5452],[121.6638,16.5516],[121.6682,16.5577],[121.6728,16.5585],[121.6819,16.555],[121.6898,16.5618],[121.6907,16.5689],[121.6878,16.579],[121.6811,16.579],[121.6805,16.5713],[121.6713,16.5674],[121.6672,16.5694],[121.6641,16.5791],[121.6759,16.585],[121.6745,16.5898],[121.6773,16.6058],[121.6905,16.6079],[121.6929,16.6125],[121.6912,16.6155],[121.6794,16.6199],[121.6782,16.6272],[121.6712,16.6384],[121.6702,16.6585],[121.6652,16.6674],[121.6547,16.6741],[121.6527,16.6803],[121.6542,16.6873],[121.6593,16.6932],[121.6653,16.6956],[121.6858,16.6968],[121.703,16.693],[121.7256,16.708],[121.7282,16.7128],[121.7252,16.7209],[121.7027,16.7427],[121.7151,16.7513],[121.7384,16.7505],[121.7455,16.7451],[121.7471,16.7371],[121.7572,16.7308],[121.7724,16.7379],[121.7745,16.7517],[121.77,16.7538],[121.7601,16.7511],[121.7514,16.7604],[121.7557,16.7675],[121.7603,16.7699],[121.7619,16.7784],[121.7728,16.7825],[121.7802,16.7932],[121.7766,16.8028],[121.7671,16.8108],[121.7769,16.8165],[121.7987,16.8067],[121.8047,16.8213],[121.812,16.8306]]}},{"type":"Feature","properties":{"kind":"river","name":"Cagayan River"},"geometry":{"type":"LineString","coordinates":[[121.3587,16.04],[121.3677,16.0402],[121.3726,16.0264],[121.3784,16.0282],[121.3802,16.0199],[121.3853,16.0166],[121.3876,16.0071],[121.3918,16.0035],[121.3911,15.9975],[121.3931,15.9961],[121.4009,16.001],[121.4011,16.0102],[121.4052,16.0068],[121.4174,16.0098],[121.4184,16.0172],[121.4215,16.0212],[121.4272,16.0209],[121.4319,16.0247],[121.4315,16.0281],[121.4359,16.0247],[121.4377,16.0318],[121.4462,16.0292],[121.4491,16.0325]]}},{"type":"Feature","properties":{"kind":"river","name":"Cagayan River"},"geometry":{"type":"LineString","coordinates":[[121.6396,17.9631],[121.6372,17.9596],[121.6317,17.9577],[121.6251,17.9608]]}},{"type":"Feature","properties":{"kind":"river","name":"Cagayan River"},"geometry":{"type":"LineString","coordinates":[[121.7217,17.7906],[121.7132,17.8086],[121.7141,17.8129],[121.7221,17.8219],[121.7203,17.8368],[121.7123,17.851],[121.7033,17.8603],[121.6977,17.8629],[121.6644,17.8519],[121.6565,17.852]]}},{"type":"Feature","properties":{"kind":"river","name":"Cagayan River"},"geometry":{"type":"LineString","coordinates":[[121.7412,17.6949],[121.741,17.7058],[121.7274,17.7287],[121.7266,17.739],[121.731,17.7505],[121.726,17.7615],[121.7175,17.7677],[121.6877,17.7755]]}},{"type":"Feature","properties":{"kind":"river","name":"Cagayan River"},"geometry":{"type":"LineString","coordinates":[[121.6902,17.6143],[121.707,17.6538],[121.7088,17.6696],[121.7391,17.688]]}},{"type":"Feature","properties":{"kind":"river","name":"Cagayan River"},"geometry":{"type":"LineString","coordinates":[[121.7915,17.5128],[121.7899,17.5216]]}},{"type":"Feature","properties":{"kind":"river","name":"Cagayan River"},"geometry":{"type":"LineString","coordinates":[[121.6057,18.0093],[121.6367,18.0548],[121.6456,18.0797],[121.6493,18.0845],[121.6534,18.1045]]}},{"type":"Feature","properties":{"kind":"river","name":"Cagayan River"},"geometry":{"type":"LineString","coordinates":[[121.654,18.1052],[121.6589,18.1084],[121.6724,18.1095],[121.6772,18.1165]]}},{"type":"Feature","properties":{"kind":"river","name":"Cagayan River"},"geometry":{"type":"LineString","coordinates":[[121.6552,18.2075],[121.6723,18.2393],[121.683,18.2535],[121.6833,18.262],[121.6696,18.2754],[121.6301,18.3436],[121.6211,18.3658]]}},{"type":"Feature","properties":{"kind":"river","name":"Cagayan River"},"geometry":{"type":"LineString","coordinates":[[121.6384,17.9404],[121.6398,17.9461],[121.6539,17.959],[121.6529,17.9651]]}},{"type":"Feature","properties":{"kind":"river","name":"Cagayan River"},"geometry":{"type":"LineString","coordinates":[[121.6565,17.852],[121.6479,17.8585],[121.6474,17.866],[121.6516,17.8721],[121.6636,17.8801],[121.6597,17.8853],[121.6444,17.8926],[121.636,17.9088],[121.6393,17.9252],[121.6384,17.9404]]}},{"type":"Feature","properties":{"kind":"river","name":"Cagayan River"},"geometry":{"type":"LineString","coordinates":[[121.3493,15.993],[121.3495,15.993]]}},{"type":"Feature","properties":{"kind":"river","name":"Cagayan River"},"geometry":{"type":"LineString","coordinates":[[121.3495,15.993],[121.3517,15.9935],[121.3498,15.9963],[121.3533,15.9995],[121.3496,16.0042],[121.348,15.9988],[121.3426,16.0029],[121.3416,16.0054],[121.3443,16.0063],[121.3424,16.0112]]}},{"type":"Feature","properties":{"kind":"river","name":"Cagayan River"},"geometry":{"type":"LineString","coordinates":[[121.6519,18.2032],[121.6552,18.2075]]}},{"type":"Feature","properties":{"kind":"river","name":"Cagayan River"},"geometry":{"type":"LineString","coordinates":[[121.6471,18.1622],[121.6583,18.1919],[121.6552,18.2075]]}},{"type":"Feature","properties":{"kind":"river","name":"Cagayan River"},"geometry":{"type":"LineString","coordinates":[[121.6772,18.1165],[121.6756,18.1205],[121.6684,18.1265],[121.6471,18.1622]]}},{"type":"Feature","properties":{"kind":"river","name":"Cagayan River"},"geometry":{"type":"LineString","coordinates":[[121.7276,17.6033],[121.726,17.6036]]}},{"type":"Feature","properties":{"kind":"river","name":"Cagayan River"},"geometry":{"type":"LineString","coordinates":[[121.7283,17.6032],[121.7276,17.6033]]}},{"type":"Feature","properties":{"kind":"river","name":"Cagayan River"},"geometry":{"type":"LineString","coordinates":[[121.726,17.6036],[121.7238,17.6036]]}},{"type":"Feature","properties":{"kind":"river","name":"Cagayan River"},"geometry":{"type":"LineString","coordinates":[[121.7886,17.5271],[121.7812,17.5476],[121.7715,17.5639],[121.7439,17.5786],[121.7401,17.584],[121.7371,17.5954],[121.7283,17.6032]]}},{"type":"Feature","properties":{"kind":"river","name":"Cagayan River"},"geometry":{"type":"LineString","coordinates":[[121.6873,17.6121],[121.6902,17.6143]]}},{"type":"Feature","properties":{"kind":"river","name":"Cagayan River"},"geometry":{"type":"LineString","coordinates":[[121.6851,17.6076],[121.6865,17.6108]]}},{"type":"Feature","properties":{"kind":"river","name":"Cagayan River"},"geometry":{"type":"LineString","coordinates":[[121.6527,18.2897],[121.6477,18.2928],[121.645,18.3016],[121.6494,18.3123]]}},{"type":"Feature","properties":{"kind":"river","name":"Cagayan River"},"geometry":{"type":"LineString","coordinates":[[121.6684,18.2612],[121.6633,18.2664],[121.6611,18.2742],[121.6527,18.2863],[121.6563,18.2989]]}},{"type":"Feature","properties":{"kind":"river","name":"Cagayan River"},"geometry":{"type":"LineString","coordinates":[[121.4561,16.0416],[121.4515,16.054],[121.4614,16.0485],[121.4661,16.0521],[121.4614,16.0572],[121.4632,16.0684],[121.4589,16.0652],[121.4544,16.0691],[121.4549,16.072],[121.4596,16.0748],[121.4552,16.0847],[121.4673,16.0885],[121.4587,16.0977]]}},{"type":"Feature","properties":{"kind":"river","name":"Cagayan River"},"geometry":{"type":"LineString","coordinates":[[121.8281,17.2316],[121.833,17.2482],[121.8318,17.2572],[121.8286,17.259],[121.8216,17.2578],[121.8174,17.2627],[121.8049,17.265],[121.7986,17.2701],[121.7866,17.2991],[121.7859,17.313],[121.7899,17.3207],[121.7889,17.3259],[121.7813,17.3341],[121.7644,17.3394],[121.756,17.3524],[121.7561,17.3617],[121.7645,17.3727],[121.774,17.377],[121.8008,17.3811],[121.8047,17.3833],[121.8062,17.389],[121.797,17.4052],[121.7906,17.4118],[121.77,17.4221],[121.7374,17.4324],[121.7347,17.4366],[121.7353,17.4462]]}},{"type":"Feature","properties":{"kind":"river","name":"Cagayan River"},"geometry":{"type":"LineString","coordinates":[[121.8137,16.863],[121.823,16.8677]]}},{"type":"Feature","properties":{"kind":"river","name":"Cagayan River"},"geometry":{"type":"LineString","coordinates":[[121.813,16.8323],[121.8133,16.8439],[121.8173,16.8533],[121.8128,16.8613]]}},{"type":"Feature","properties":{"kind":"river","name":"Cagayan River"},"geometry":{"type":"LineString","coordinates":[[121.8233,16.8683],[121.8237,16.8699]]}},{"type":"Feature","properties":{"kind":"river","name":"Cagayan River"},"geometry":{"type":"LineString","coordinates":[[121.8255,16.8778],[121.8249,16.8879]]}},{"type":"Feature","properties":{"kind":"river","name":"Cagayan River"},"geometry":{"type":"LineString","coordinates":[[121.4587,16.0977],[121.4618,16.1011],[121.4806,16.1048],[121.486,16.1013],[121.4878,16.1025],[121.4868,16.107],[121.4934,16.1167],[121.5079,16.1212],[121.5103,16.1276],[121.5172,16.1257],[121.5264,16.1339],[121.5425,16.1354],[121.5453,16.1432],[121.5441,16.1503],[121.5477,16.1554],[121.5416,16.1617],[121.5466,16.1642],[121.5545,16.1612],[121.5553,16.1658],[121.5611,16.168],[121.5621,16.1733],[121.5693,16.1779],[121.574,16.1794],[121.5841,16.1759],[121.5903,16.179],[121.5916,16.19],[121.5843,16.1953],[121.5833,16.1999],[121.5903,16.2094],[121.5958,16.2089],[121.6039,16.2018],[121.6147,16.2044],[121.6171,16.2173],[121.6158,16.2207],[121.6248,16.2207],[121.6284,16.2231],[121.6296,16.2274],[121.6345,16.2306],[121.6308,16.2332],[121.6339,16.2385],[121.6435,16.2428],[121.6541,16.2439],[121.6554,16.2477],[121.6518,16.2499],[121.6516,16.2566],[121.6615,16.263]]}},{"type":"Feature","properties":{"kind":"river","name":"Cagayan River"},"geometry":{"type":"LineString","coordinates":[[121.6615,16.263],[121.6677,16.2701]]}},{"type":"Feature","properties":{"kind":"river","name":"Cagayan River"},"geometry":{"type":"LineString","coordinates":[[121.7391,17.688],[121.7412,17.6949]]}},{"type":"Feature","properties":{"kind":"river","name":"Cagayan River"},"geometry":{"type":"LineString","coordinates":[[121.789,17.5253],[121.7886,17.5271]]}},{"type":"Feature","properties":{"kind":"river","name":"Cagayan River"},"geometry":{"type":"LineString","coordinates":[[121.8524,17.0434],[121.8482,17.0631],[121.8253,17.0819],[121.8249,17.0859],[121.8486,17.0949],[121.8558,17.1181],[121.8623,17.128],[121.8651,17.1444],[121.887,17.1622],[121.8879,17.1663],[121.8835,17.175],[121.869,17.1895],[121.8689,17.2049],[121.8662,17.2107],[121.8619,17.2112],[121.8517,17.2037]]}},{"type":"Feature","properties":{"kind":"river","name":"Cagayan River"},"geometry":{"type":"LineString","coordinates":[[121.8517,17.2037],[121.8409,17.1916],[121.8281,17.1946],[121.8232,17.2107],[121.8281,17.2316]]}},{"type":"Feature","properties":{"kind":"river","name":"Cagayan River"},"geometry":{"type":"LineString","coordinates":[[121.7815,16.9646],[121.7916,16.9726]]}},{"type":"Feature","properties":{"kind":"river","name":"Cagayan River"},"geometry":{"type":"LineString","coordinates":[[121.7835,16.9492],[121.7795,16.9571]]}},{"type":"Feature","properties":{"kind":"river","name":"Cagayan River"},"geometry":{"type":"LineString","coordinates":[[121.7916,16.9726],[121.7948,16.9745]]}},{"type":"Feature","properties":{"kind":"river","name":"Cagayan River"},"geometry":{"type":"LineString","coordinates":[[121.6677,16.2701],[121.6682,16.2758],[121.672,16.2834],[121.676,16.2854],[121.6766,16.2896],[121.6648,16.3045],[121.6631,16.3104],[121.673,16.3192],[121.6838,16.3208],[121.6982,16.3289],[121.6952,16.3537],[121.7033,16.3613],[121.7169,16.36],[121.7249,16.3685],[121.7312,16.3657],[121.7424,16.3714],[121.7441,16.3898],[121.7367,16.3969],[121.7359,16.4093],[121.7396,16.4198],[121.7493,16.4274],[121.7397,16.4408],[121.7393,16.4478],[121.7404,16.4516],[121.746,16.4554],[121.7441,16.4666],[121.751,16.4856],[121.7505,16.4915],[121.7543,16.4976],[121.7608,16.497],[121.7637,16.5036],[121.7602,16.5169]]}},{"type":"Feature","properties":{"kind":"river","name":"Cagayan River"},"geometry":{"type":"LineString","coordinates":[[121.7602,16.5169],[121.7515,16.5288],[121.7378,16.5385],[121.7269,16.5373]]}},{"type":"Feature","properties":{"kind":"river","name":"Cagayan River"},"geometry":{"type":"LineString","coordinates":[[121.7948,16.9745],[121.8093,16.9782],[121.8291,16.97],[121.8326,16.9711]]}},{"type":"Feature","properties":{"kind":"river","name":"Cagayan River"},"geometry":{"type":"LineString","coordinates":[[121.8298,17.0399],[121.842,17.036],[121.8517,17.0384],[121.8524,17.0434]]}},{"type":"Feature","properties":{"kind":"river","name":"Cagayan River"},"geometry":{"type":"LineString","coordinates":[[121.831,16.9944],[121.8351,17.0182],[121.8277,17.0252],[121.8249,17.0321],[121.826,17.0369],[121.8298,17.0399]]}},{"type":"Feature","properties":{"kind":"river","name":"Cagayan River"},"geometry":{"type":"LineString","coordinates":[[121.8326,16.9711],[121.831,16.9944]]}},{"type":"Feature","properties":{"kind":"river","name":"Cagayan River"},"geometry":{"type":"LineString","coordinates":[[121.7944,16.9474],[121.7886,16.9488]]}},{"type":"Feature","properties":{"kind":"river","name":"Cagayan River"},"geometry":{"type":"LineString","coordinates":[[121.807,16.9385],[121.8001,16.9441]]}},{"type":"Feature","properties":{"kind":"river","name":"Cagayan River"},"geometry":{"type":"LineString","coordinates":[[121.7886,16.9488],[121.7835,16.9492]]}},{"type":"Feature","properties":{"kind":"river","name":"Cagayan River"},"geometry":{"type":"LineString","coordinates":[[121.7796,16.9597],[121.7815,16.9646]]}},{"type":"Feature","properties":{"kind":"river","name":"Cagayan River"},"geometry":{"type":"LineString","coordinates":[[121.8089,16.9349],[121.807,16.9385]]}},{"type":"Feature","properties":{"kind":"river","name":"Cagayan River"},"geometry":{"type":"LineString","coordinates":[[121.8113,16.9296],[121.8089,16.9349]]}},{"type":"Feature","properties":{"kind":"river","name":"Cagayan River"},"geometry":{"type":"LineString","coordinates":[[121.8205,16.9034],[121.8154,16.9068],[121.8139,16.9119]]}},{"type":"Feature","properties":{"kind":"river","name":"Cagayan River"},"geometry":{"type":"LineString","coordinates":[[121.823,16.8677],[121.8233,16.8683]]}},{"type":"Feature","properties":{"kind":"river","name":"Cagayan River"},"geometry":{"type":"LineString","coordinates":[[121.8001,16.9441],[121.7944,16.9474]]}},{"type":"Feature","properties":{"kind":"river","name":"Cagayan River"},"geometry":{"type":"LineString","coordinates":[[121.8118,16.9284],[121.8113,16.9296]]}},{"type":"Feature","properties":{"kind":"river","name":"Cagayan River"},"geometry":{"type":"LineString","coordinates":[[121.8113,16.9193],[121.8118,16.9284]]}},{"type":"Feature","properties":{"kind":"river","name":"Cagayan River"},"geometry":{"type":"LineString","coordinates":[[121.8123,16.916],[121.8113,16.9193]]}},{"type":"Feature","properties":{"kind":"river","name":"Cagayan River"},"geometry":{"type":"LineString","coordinates":[[121.8139,16.9119],[121.8123,16.916]]}},{"type":"Feature","properties":{"kind":"river","name":"Cagayan River"},"geometry":{"type":"LineString","coordinates":[[121.8211,16.9017],[121.8205,16.9034]]}},{"type":"Feature","properties":{"kind":"river","name":"Cagayan River"},"geometry":{"type":"LineString","coordinates":[[121.8134,16.8629],[121.8137,16.863]]}},{"type":"Feature","properties":{"kind":"river","name":"Cagayan River"},"geometry":{"type":"LineString","coordinates":[[121.8249,16.8879],[121.8211,16.9017]]}},{"type":"Feature","properties":{"kind":"river","name":"Cagayan River"},"geometry":{"type":"LineString","coordinates":[[121.8237,16.8699],[121.8255,16.8778]]}},{"type":"Feature","properties":{"kind":"river","name":"Cagayan River"},"geometry":{"type":"LineString","coordinates":[[121.8128,16.8613],[121.8134,16.8629]]}},{"type":"Feature","properties":{"kind":"river","name":"Cagayan River"},"geometry":{"type":"LineString","coordinates":[[121.812,16.8306],[121.813,16.8323]]}},{"type":"Feature","properties":{"kind":"river","name":"Cagayan River"},"geometry":{"type":"LineString","coordinates":[[121.7891,17.525],[121.789,17.5253]]}},{"type":"Feature","properties":{"kind":"river","name":"Cagayan River"},"geometry":{"type":"LineString","coordinates":[[121.7795,16.9571],[121.7796,16.9597]]}},{"type":"Feature","properties":{"kind":"river","name":"Cagayan River"},"geometry":{"type":"LineString","coordinates":[[121.6534,18.1045],[121.654,18.1052]]}},{"type":"Feature","properties":{"kind":"river","name":"Cagayan River"},"geometry":{"type":"LineString","coordinates":[[121.6865,17.6108],[121.6873,17.6121]]}},{"type":"Feature","properties":{"kind":"river","name":"Cagayan River"},"geometry":{"type":"LineString","coordinates":[[121.6877,17.7755],[121.6857,17.7764]]}},{"type":"Feature","properties":{"kind":"river","name":"Cagayan River"},"geometry":{"type":"LineString","coordinates":[[121.7899,17.5216],[121.7891,17.525]]}},{"type":"Feature","properties":{"kind":"river","name":"Cagayan River"},"geometry":{"type":"LineString","coordinates":[[121.7353,17.4462],[121.7661,17.4544],[121.7804,17.4632],[121.7843,17.4741],[121.7902,17.4769],[121.7934,17.4836],[121.7945,17.4972],[121.7915,17.5128]]}},{"type":"Feature","properties":{"kind":"river","name":"Cagayan River"},"geometry":{"type":"LineString","coordinates":[[121.3456,16.0133],[121.3443,16.0192],[121.3512,16.0248],[121.353,16.0294],[121.3503,16.0316],[121.3471,16.0288],[121.3458,16.0314],[121.3483,16.0335],[121.3585,16.0341],[121.3587,16.04]]}},{"type":"Feature","properties":{"kind":"river","name":"Cagayan River"},"geometry":{"type":"LineString","coordinates":[[121.3424,16.0112],[121.3456,16.0133]]}},{"type":"Feature","properties":{"kind":"river","name":"Agusan River"},"geometry":{"type":"LineString","coordinates":[[125.9869,8.0247],[125.9817,8.0352],[125.9851,8.0382],[125.9796,8.0418],[125.9784,8.0524],[125.9756,8.0571],[125.9678,8.0553],[125.9624,8.0666],[125.9556,8.0655],[125.9608,8.0837],[125.9557,8.0839],[125.9542,8.077],[125.9508,8.0756],[125.9462,8.0782],[125.9507,8.0844],[125.9493,8.0861],[125.9394,8.0764],[125.9303,8.0827],[125.9264,8.0905],[125.9183,8.0899],[125.9119,8.0951],[125.9129,8.0989],[125.9092,8.1074],[125.9125,8.1112],[125.9057,8.1207],[125.9081,8.1285],[125.9042,8.131],[125.9084,8.1335],[125.9061,8.1372],[125.9108,8.1376],[125.9093,8.1427],[125.9142,8.1475],[125.912,8.1502],[125.9147,8.158],[125.9095,8.1639],[125.907,8.1635],[125.9071,8.1669],[125.8977,8.1638],[125.8951,8.1661],[125.8987,8.1706],[125.8967,8.1738],[125.8991,8.1766],[125.8948,8.1788],[125.8987,8.1804],[125.8983,8.1869],[125.9017,8.1887],[125.905,8.1976],[125.9024,8.2118],[125.9076,8.221],[125.9043,8.2223],[125.9045,8.2268],[125.9015,8.2277],[125.9037,8.2304],[125.8988,8.2298],[125.9022,8.2335],[125.8984,8.2347],[125.8977,8.2392],[125.8932,8.2383],[125.8947,8.2427],[125.8919,8.2461],[125.8963,8.2481],[125.8941,8.2505],[125.8919,8.2493],[125.892,8.2579],[125.896,8.2622],[125.894,8.2642]]}},{"type":"Feature","properties":{"kind":"river","name":"Agusan River"},"geometry":{"type":"LineString","coordinates":[[126.113,7.6306],[126.1105,7.6404],[126.1056,7.6415],[126.1059,7.6442],[126.1016,7.6457],[126.1034,7.6482],[126.1016,7.6502],[126.1028,7.6559],[126.0987,7.6582],[126.0966,7.6711],[126.0902,7.6759]]}},{"type":"Feature","properties":{"kind":"river","name":"Agusan River"},"geometry":{"type":"LineString","coordinates":[[126.0817,7.701],[126.0794,7.7017],[126.0823,7.7046],[126.0787,7.7059],[126.0795,7.7082],[126.0764,7.7039],[126.0728,7.7076],[126.0733,7.7207],[126.0696,7.7182],[126.0654,7.7198],[126.0674,7.721],[126.0657,7.7257],[126.0708,7.7254],[126.0664,7.7281],[126.0665,7.7316],[126.0635,7.7323],[126.0633,7.7388],[126.0676,7.7415],[126.0646,7.7436],[126.0659,7.7472],[126.0624,7.7476],[126.0655,7.7575],[126.0734,7.7571],[126.0694,7.7632],[126.0651,7.7641],[126.0695,7.767],[126.0653,7.7768],[126.069,7.7792]]}},{"type":"Feature","properties":{"kind":"river","name":"Agusan River"},"geometry":{"type":"LineString","coordinates":[[126.0607,7.8832],[126.0587,7.8903],[126.0702,7.897],[126.0726,7.9018],[126.0713,7.9053],[126.0616,7.906],[126.0622,7.9107],[126.0693,7.9131],[126.0632,7.9333],[126.0691,7.9372],[126.0651,7.9456],[126.0687,7.9462],[126.0754,7.9416],[126.0796,7.9482],[126.0732,7.9541],[126.0585,7.9535],[126.0603,7.9611],[126.0524,7.9605],[126.0485,7.9636],[126.0472,7.967],[126.0543,7.9696],[126.0613,7.976],[126.0553,7.9841]]}},{"type":"Feature","properties":{"kind":"river","name":"Agusan River"},"geometry":{"type":"LineString","coordinates":[[126.0255,7.9928],[126.0111,8.0061],[126.0033,8.0058],[126.0045,8.0124],[126.0026,8.0159],[126.006,8.0224],[125.9974,8.0221],[125.9912,8.0159],[125.9885,8.0179],[125.9869,8.0247]]}},{"type":"Feature","properties":{"kind":"river","name":"Agusan River"},"geometry":{"type":"LineString","coordinates":[[125.898,8.2804],[125.8965,8.2854],[125.9002,8.2845],[125.9029,8.2869],[125.9068,8.2846],[125.9083,8.2919],[125.9009,8.3009],[125.8969,8.3007],[125.8959,8.3037],[125.892,8.3021],[125.898,8.3065],[125.8976,8.3091],[125.8855,8.314],[125.8861,8.3177],[125.8917,8.315],[125.8937,8.3192]]}},{"type":"Feature","properties":{"kind":"river","name":"Agusan River"},"geometry":{"type":"LineString","coordinates":[[126.0553,7.9841],[126.0515,7.9759],[126.048,7.9762],[126.0372,7.9863],[126.0255,7.9928]]}},{"type":"Feature","properties":{"kind":"river","name":"Agusan River"},"geometry":{"type":"LineString","coordinates":[[125.5464,8.9482],[125.5436,8.9549]]}},{"type":"Feature","properties":{"kind":"river","name":"Agusan River"},"geometry":{"type":"LineString","coordinates":[[125.5436,8.9549],[125.5426,8.9673],[125.5274,8.9785],[125.5284,8.9964]]}},{"type":"Feature","properties":{"kind":"river","name":"Agusan River"},"geometry":{"type":"LineString","coordinates":[[125.699,8.5414],[125.6982,8.552],[125.7087,8.5537]]}},{"type":"Feature","properties":{"kind":"river","name":"Agusan River"},"geometry":{"type":"LineString","coordinates":[[125.7087,8.5537],[125.6945,8.563],[125.6962,8.5732],[125.7054,8.5752],[125.7062,8.5813],[125.6903,8.5819],[125.6905,8.5918],[125.6844,8.6018],[125.6865,8.6031],[125.6933,8.597],[125.7003,8.5969],[125.6999,8.6041],[125.691,8.6061],[125.6868,8.6138],[125.699,8.6216],[125.6921,8.6253],[125.6856,8.6215],[125.6876,8.6279],[125.6775,8.6339],[125.6725,8.6456],[125.669,8.6438],[125.6658,8.6367],[125.6617,8.637],[125.6562,8.6477],[125.6527,8.6674],[125.6425,8.6638],[125.6436,8.6711],[125.6415,8.6788],[125.6477,8.6851],[125.6476,8.6958],[125.6425,8.7054],[125.6444,8.7176],[125.6259,8.7221],[125.6212,8.7259],[125.6105,8.7238],[125.6047,8.7304],[125.5946,8.7327],[125.586,8.7267],[125.5825,8.7278],[125.5914,8.7392],[125.5938,8.7571],[125.5834,8.7574],[125.5845,8.7661],[125.5729,8.7807],[125.5903,8.7869],[125.5931,8.795],[125.5792,8.8178],[125.5815,8.8272],[125.5736,8.839],[125.574,8.8494],[125.564,8.8564],[125.5591,8.8666],[125.5411,8.8808],[125.5416,8.885],[125.5536,8.8927],[125.5577,8.904],[125.5513,8.9316],[125.5439,8.9406],[125.5472,8.9449],[125.5464,8.9482]]}},{"type":"Feature","properties":{"kind":"river","name":"Agusan River"},"geometry":{"type":"LineString","coordinates":[[125.7599,8.4643],[125.7593,8.4741],[125.7706,8.4736],[125.7713,8.476]]}},{"type":"Feature","properties":{"kind":"river","name":"Agusan River"},"geometry":{"type":"LineString","coordinates":[[125.7713,8.476],[125.7639,8.4806],[125.7545,8.4742],[125.7427,8.4761],[125.7407,8.4791],[125.7446,8.4809],[125.7441,8.4847],[125.732,8.5013],[125.7316,8.5154],[125.722,8.5266],[125.7156,8.5278],[125.7174,8.5305],[125.7223,8.5298],[125.7255,8.532],[125.7239,8.5404],[125.7189,8.5457],[125.7148,8.5363],[125.7057,8.5356],[125.699,8.5414]]}},{"type":"Feature","properties":{"kind":"river","name":"Agusan River"},"geometry":{"type":"LineString","coordinates":[[125.8937,8.3192],[125.8878,8.3214]]}},{"type":"Feature","properties":{"kind":"river","name":"Agusan River"},"geometry":{"type":"LineString","coordinates":[[125.8878,8.3214],[125.887,8.3297],[125.8829,8.3319],[125.8825,8.3424],[125.8727,8.3477],[125.8663,8.348],[125.8691,8.3531],[125.8758,8.3533],[125.8755,8.3585],[125.8684,8.3584],[125.8623,8.349],[125.8597,8.3484],[125.8582,8.3552],[125.8626,8.36],[125.853,8.3605],[125.8451,8.3653],[125.8544,8.3683],[125.8438,8.3717],[125.8393,8.3651],[125.8363,8.3662],[125.8341,8.3723],[125.8398,8.3745],[125.8388,8.3816],[125.8297,8.3822],[125.8347,8.391],[125.8202,8.3933],[125.8207,8.3984],[125.8167,8.4027],[125.8241,8.4148],[125.824,8.4211],[125.8164,8.4254],[125.8128,8.4193],[125.8081,8.4185],[125.8084,8.4251],[125.8158,8.4308],[125.8151,8.4339],[125.8055,8.4339],[125.7976,8.4435],[125.789,8.4368],[125.7891,8.4506],[125.7843,8.4592],[125.7771,8.4625],[125.7599,8.4643]]}},{"type":"Feature","properties":{"kind":"river","name":"Agusan River"},"geometry":{"type":"LineString","coordinates":[[125.894,8.2642],[125.8939,8.2659],[125.8968,8.2655],[125.8934,8.2692],[125.9025,8.2719],[125.9028,8.2782],[125.898,8.2804]]}},{"type":"Feature","properties":{"kind":"river","name":"Agusan River"},"geometry":{"type":"LineString","coordinates":[[126.0902,7.6759],[126.0841,7.6824],[126.0809,7.6929],[126.083,7.6962],[126.0817,7.701]]}},{"type":"Feature","properties":{"kind":"river","name":"Agusan River"},"geometry":{"type":"LineString","coordinates":[[126.0728,7.7076],[126.0729,7.7092]]}},{"type":"Feature","properties":{"kind":"river","name":"Agusan River"},"geometry":{"type":"LineString","coordinates":[[125.5284,8.9964],[125.5241,9.0077],[125.5187,9.013]]}},{"type":"Feature","properties":{"kind":"river","name":"Agusan River"},"geometry":{"type":"LineString","coordinates":[[126.069,7.7792],[126.0677,7.7867],[126.0571,7.7897],[126.0557,7.794],[126.0523,7.7951],[126.0558,7.7989],[126.0512,7.8009],[126.0516,7.8099],[126.0464,7.8126],[126.0403,7.8107],[126.0381,7.8125],[126.04,7.8174],[126.0384,7.8259],[126.0493,7.8297],[126.0531,7.8359],[126.0514,7.8398],[126.058,7.849],[126.0566,7.8528],[126.0614,7.8568],[126.0606,7.8585],[126.0546,7.8579],[126.0557,7.8624],[126.0624,7.8657],[126.0601,7.8709],[126.054,7.8731],[126.0607,7.8832]]}},{"type":"Feature","properties":{"kind":"river","name":"Davao River"},"geometry":{"type":"LineString","coordinates":[[125.5307,7.1988],[125.5368,7.1993],[125.5388,7.2065],[125.5632,7.211],[125.5643,7.2068],[125.5589,7.1969],[125.5589,7.1876],[125.5623,7.1834],[125.5548,7.1748],[125.5622,7.1705],[125.572,7.1747],[125.5739,7.1676],[125.5674,7.1631],[125.5748,7.1577],[125.5794,7.1461]]}},{"type":"Feature","properties":{"kind":"river","name":"Davao River"},"geometry":{"type":"LineString","coordinates":[[125.3894,7.2632],[125.3947,7.2584],[125.3978,7.2503],[125.4012,7.2492]]}},{"type":"Feature","properties":{"kind":"river","name":"Davao River"},"geometry":{"type":"LineString","coordinates":[[125.5114,7.2155],[125.5139,7.2123]]}},{"type":"Feature","properties":{"kind":"river","name":"Davao River"},"geometry":{"type":"LineString","coordinates":[[125.5083,7.2217],[125.5079,7.2168],[125.512,7.2139]]}},{"type":"Feature","properties":{"kind":"river","name":"Davao River"},"geometry":{"type":"LineString","coordinates":[[125.4047,7.2454],[125.4051,7.2411]]}},{"type":"Feature","properties":{"kind":"river","name":"Davao River"},"geometry":{"type":"LineString","coordinates":[[125.471,7.2403],[125.474,7.2384]]}},{"type":"Feature","properties":{"kind":"river","name":"Davao River"},"geometry":{"type":"LineString","coordinates":[[125.6048,7.0579],[125.6076,7.0474]]}},{"type":"Feature","properties":{"kind":"river","name":"Davao River"},"geometry":{"type":"LineString","coordinates":[[125.6017,7.0654],[125.6052,7.0641]]}},{"type":"Feature","properties":{"kind":"river","name":"Davao River"},"geometry":{"type":"LineString","coordinates":[[125.5946,7.0883],[125.5916,7.0865],[125.5944,7.0794]]}},{"type":"Feature","properties":{"kind":"river","name":"Davao River"},"geometry":{"type":"LineString","coordinates":[[125.6052,7.0641],[125.6048,7.0579]]}},{"type":"Feature","properties":{"kind":"river","name":"Davao River"},"geometry":{"type":"LineString","coordinates":[[125.5943,7.0714],[125.6013,7.0654]]}},{"type":"Feature","properties":{"kind":"river","name":"Davao River"},"geometry":{"type":"LineString","coordinates":[[125.5952,7.1017],[125.6008,7.1027],[125.6006,7.0978],[125.5968,7.0941],[125.5919,7.0974],[125.5911,7.0933],[125.5942,7.0912],[125.6012,7.0919],[125.6019,7.0881]]}},{"type":"Feature","properties":{"kind":"river","name":"Davao River"},"geometry":{"type":"LineString","coordinates":[[125.3351,7.3059],[125.3424,7.3041],[125.3442,7.2974],[125.349,7.2926],[125.3528,7.2927],[125.3524,7.2887],[125.3575,7.2944],[125.3603,7.2946]]}},{"type":"Feature","properties":{"kind":"river","name":"Davao River"},"geometry":{"type":"LineString","coordinates":[[125.3446,7.476],[125.3487,7.4734],[125.3459,7.4631],[125.3486,7.4604],[125.3469,7.4574],[125.3493,7.4542],[125.3451,7.4357],[125.3495,7.4249],[125.3447,7.4214],[125.3415,7.4068],[125.3392,7.4067],[125.332,7.3977],[125.3375,7.3915],[125.3453,7.3895]]}},{"type":"Feature","properties":{"kind":"river","name":"Davao River"},"geometry":{"type":"LineString","coordinates":[[125.3453,7.3895],[125.3382,7.3824],[125.3434,7.3769],[125.3185,7.3649],[125.3195,7.3533],[125.3171,7.3463],[125.3218,7.3441],[125.3267,7.3449],[125.3304,7.3421],[125.334,7.3373],[125.3327,7.3347],[125.3345,7.3316]]}},{"type":"Feature","properties":{"kind":"river","name":"Davao River"},"geometry":{"type":"LineString","coordinates":[[125.3345,7.3316],[125.3306,7.3258],[125.3302,7.3202],[125.3242,7.3172],[125.3262,7.3137],[125.3325,7.3112],[125.3415,7.3125],[125.3399,7.3093],[125.3351,7.3092],[125.3351,7.3059]]}},{"type":"Feature","properties":{"kind":"river","name":"Davao River"},"geometry":{"type":"LineString","coordinates":[[125.3603,7.2946],[125.3593,7.2876],[125.3554,7.2851],[125.3572,7.2804]]}},{"type":"Feature","properties":{"kind":"river","name":"Davao River"},"geometry":{"type":"LineString","coordinates":[[125.3572,7.2804],[125.3596,7.2827],[125.3615,7.2812],[125.359,7.2691],[125.3628,7.2687],[125.3645,7.2738],[125.3676,7.2697],[125.3705,7.2704]]}},{"type":"Feature","properties":{"kind":"river","name":"Davao River"},"geometry":{"type":"LineString","coordinates":[[125.3705,7.2704],[125.3733,7.2677]]}},{"type":"Feature","properties":{"kind":"river","name":"Davao River"},"geometry":{"type":"LineString","coordinates":[[125.3733,7.2677],[125.3817,7.2618],[125.3856,7.2642],[125.3894,7.2632]]}},{"type":"Feature","properties":{"kind":"river","name":"Davao River"},"geometry":{"type":"LineString","coordinates":[[125.3276,7.5293],[125.3203,7.5207],[125.3238,7.5186],[125.3245,7.5118],[125.3298,7.5095],[125.3313,7.5007],[125.3362,7.5013],[125.3365,7.4971],[125.3416,7.4963],[125.3414,7.4926],[125.3485,7.487],[125.3485,7.4838],[125.3448,7.4815],[125.3446,7.476]]}},{"type":"Feature","properties":{"kind":"river","name":"Davao River"},"geometry":{"type":"LineString","coordinates":[[125.3271,7.5378],[125.325,7.5341],[125.3276,7.5293]]}},{"type":"Feature","properties":{"kind":"river","name":"Davao River"},"geometry":{"type":"LineString","coordinates":[[125.471,7.2403],[125.4758,7.2377],[125.4734,7.2342],[125.4806,7.2298],[125.4885,7.235],[125.4928,7.2317]]}},{"type":"Feature","properties":{"kind":"river","name":"Davao River"},"geometry":{"type":"LineString","coordinates":[[125.416,7.2271],[125.4206,7.2307],[125.4248,7.2258],[125.4258,7.2311],[125.4313,7.2312],[125.4288,7.2281],[125.4297,7.2247],[125.4353,7.2214],[125.4349,7.2259],[125.4369,7.2278],[125.447,7.2286],[125.4473,7.2344],[125.4532,7.237],[125.4575,7.2349]]}},{"type":"Feature","properties":{"kind":"river","name":"Davao River"},"geometry":{"type":"LineString","coordinates":[[125.6013,7.0654],[125.6017,7.0654]]}},{"type":"Feature","properties":{"kind":"river","name":"Davao River"},"geometry":{"type":"LineString","coordinates":[[125.5936,7.1058],[125.5952,7.1017]]}},{"type":"Feature","properties":{"kind":"river","name":"Davao River"},"geometry":{"type":"LineString","coordinates":[[125.4012,7.2492],[125.4047,7.2489],[125.4051,7.2411],[125.4144,7.2355],[125.4122,7.2299],[125.416,7.2271]]}},{"type":"Feature","properties":{"kind":"river","name":"Davao River"},"geometry":{"type":"LineString","coordinates":[[125.5237,7.1958],[125.5295,7.196],[125.5307,7.1988]]}},{"type":"Feature","properties":{"kind":"river","name":"Davao River"},"geometry":{"type":"LineString","coordinates":[[125.5083,7.2217],[125.5092,7.2169],[125.5214,7.2041],[125.5237,7.1958]]}},{"type":"Feature","properties":{"kind":"river","name":"Davao River"},"geometry":{"type":"LineString","coordinates":[[125.5794,7.1461],[125.5845,7.1405],[125.5811,7.1356],[125.587,7.1284],[125.5858,7.1213],[125.5817,7.1188],[125.5936,7.1058]]}},{"type":"Feature","properties":{"kind":"river","name":"Davao River"},"geometry":{"type":"LineString","coordinates":[[125.6019,7.0881],[125.598,7.0864],[125.5946,7.0883]]}},{"type":"Feature","properties":{"kind":"river","name":"Davao River"},"geometry":{"type":"LineString","coordinates":[[125.5944,7.0794],[125.589,7.074],[125.5897,7.0719],[125.5943,7.0714]]}},{"type":"Feature","properties":{"kind":"river","name":"Davao River"},"geometry":{"type":"LineString","coordinates":[[125.4575,7.2349],[125.4567,7.2387],[125.4616,7.2411],[125.4661,7.2377],[125.471,7.2403]]}},{"type":"Feature","properties":{"kind":"river","name":"Davao River"},"geometry":{"type":"LineString","coordinates":[[125.4928,7.2317],[125.498,7.2368],[125.5036,7.2376]]}},{"type":"Feature","properties":{"kind":"river","name":"Davao River"},"geometry":{"type":"LineString","coordinates":[[125.5068,7.2334],[125.5076,7.2274]]}},{"type":"Feature","properties":{"kind":"river","name":"Davao River"},"geometry":{"type":"LineString","coordinates":[[125.5036,7.2376],[125.5074,7.2384],[125.5068,7.2334]]}},{"type":"Feature","properties":{"kind":"river","name":"Davao River"},"geometry":{"type":"LineString","coordinates":[[125.5076,7.2274],[125.5083,7.2217]]}},{"type":"Feature","properties":{"kind":"river","name":"Pinacanauan River"},"geometry":{"type":"LineString","coordinates":[[121.8296,17.4731],[121.8277,17.4708],[121.8273,17.4578],[121.821,17.4489],[121.8199,17.438],[121.8094,17.4357],[121.8064,17.4373],[121.7977,17.4272],[121.7924,17.4275],[121.7863,17.4359],[121.7796,17.4394],[121.7644,17.4538]]}},{"type":"Feature","properties":{"kind":"river","name":"Pinacanauan River"},"geometry":{"type":"LineString","coordinates":[[122.0124,17.463],[122.0117,17.4661],[122.0079,17.467],[122.0047,17.4712],[122.0036,17.4801],[121.994,17.4899],[121.9882,17.4896],[121.985,17.485],[121.9788,17.4826],[121.9733,17.4823],[121.9647,17.4709],[121.9618,17.4717],[121.9625,17.4772],[121.9451,17.479],[121.9407,17.4746],[121.9375,17.4771],[121.9348,17.4763],[121.9317,17.481],[121.93,17.474],[121.9329,17.4683],[121.9311,17.4678],[121.9167,17.4731],[121.9163,17.4775],[121.9112,17.4832],[121.9035,17.4878],[121.8983,17.4879],[121.8904,17.4954],[121.8864,17.4897],[121.8772,17.4844],[121.8593,17.4885],[121.8454,17.4851],[121.8377,17.4814],[121.8296,17.4731]]}},{"type":"Feature","properties":{"kind":"river","name":"Pinacanauan River"},"geometry":{"type":"LineString","coordinates":[[122.0603,17.419],[122.052,17.4225],[122.0492,17.4373],[122.0509,17.4462],[122.0499,17.4486],[122.0473,17.4471],[122.0468,17.4531],[122.036,17.4559],[122.0313,17.4546],[122.0307,17.4572],[122.022,17.4574],[122.0124,17.463]]}},{"type":"Feature","properties":{"kind":"road","name":"Subic Freeport Expressway","project":"sfex-tunnel","year":2021,"source":"OpenStreetMap contributors"},"geometry":{"type":"MultiLineString","coordinates":[[[120.34164,14.83177],[120.34128,14.83141]],[[120.33086,14.8249],[120.32985,14.82483],[120.32957,14.8248],[120.32907,14.82479],[120.32874,14.82478],[120.32834,14.82479],[120.32801,14.82483],[120.32736,14.82495],[120.32695,14.82505],[120.32653,14.82516],[120.32638,14.82521],[120.32608,14.8253],[120.32503,14.82562],[120.32468,14.82571],[120.32445,14.82575],[120.32416,14.82582],[120.32401,14.82585],[120.32335,14.82596]],[[120.3226,14.82579],[120.32345,14.82573]],[[120.35754,14.84514],[120.3575,14.84508],[120.35749,14.84504],[120.35748,14.84495],[120.35746,14.84481]],[[120.35754,14.84481],[120.35756,14.84502],[120.35757,14.84507],[120.35754,14.84514]],[[120.34294,14.83285],[120.34164,14.83177]],[[120.30323,14.82563],[120.30322,14.82479],[120.30322,14.82271],[120.30322,14.82255]],[[120.30334,14.82777],[120.30333,14.82808]],[[120.30318,14.82777],[120.30323,14.82563]],[[120.30332,14.82672],[120.30334,14.82777]],[[120.34526,14.83747],[120.34524,14.83746],[120.34512,14.8373],[120.345,14.8371],[120.34488,14.83682],[120.34478,14.83652],[120.34455,14.83522],[120.34441,14.83466],[120.34436,14.83449],[120.34428,14.83431],[120.34418,14.83413],[120.34405,14.83394],[120.3439,14.83376],[120.34356,14.83344],[120.34294,14.83285]],[[120.33025,14.82475],[120.33055,14.82477]],[[120.33708,14.82554],[120.33689,14.82543],[120.33672,14.82535],[120.33656,14.82528],[120.33634,14.82522],[120.33609,14.8252],[120.33592,14.82519]],[[120.30296,14.8209],[120.3031,14.82102],[120.30319,14.82112],[120.30322,14.82115],[120.30325,14.8212],[120.30328,14.82126],[120.3033,14.8213],[120.30331,14.82136],[120.30333,14.82144],[120.30334,14.82149],[120.30334,14.82174]],[[120.34705,14.83888],[120.34754,14.83927],[120.34773,14.83942],[120.34823,14.83984],[120.3488,14.84029],[120.34915,14.84051],[120.34936,14.8406],[120.34964,14.84071],[120.35012,14.84086],[120.35097,14.84106]],[[120.3564,14.84239],[120.35662,14.8425],[120.35682,14.84262],[120.35699,14.84277],[120.35707,14.84287],[120.35718,14.84302],[120.35725,14.84315],[120.35731,14.84335],[120.35734,14.84349],[120.35736,14.8437],[120.35739,14.84396]],[[120.35457,14.84196],[120.35424,14.84194],[120.35404,14.84189]],[[120.35308,14.84162],[120.35253,14.84149],[120.35212,14.84141]],[[120.34636,14.83831],[120.34705,14.83888]],[[120.35431,14.84191],[120.35457,14.84196]],[[120.32345,14.82573],[120.32407,14.82565],[120.32448,14.82559],[120.32476,14.82554],[120.32507,14.82545],[120.32558,14.8253],[120.32696,14.82491],[120.32734,14.82482],[120.32777,14.82474],[120.32801,14.82471],[120.32835,14.82468],[120.32875,14.82467],[120.32909,14.82467],[120.32937,14.82469],[120.32965,14.8247]],[[120.35739,14.84396],[120.35742,14.84401],[120.35751,14.84463]],[[120.3044,14.83098],[120.30494,14.83154],[120.30585,14.83248],[120.30604,14.83264],[120.30611,14.8327],[120.30626,14.8328],[120.3064,14.83287],[120.30656,14.83293],[120.30668,14.83294],[120.30682,14.83296],[120.30695,14.83297],[120.30713,14.83297],[120.30724,14.83295],[120.30741,14.83291],[120.30756,14.83285],[120.30774,14.83277],[120.30788,14.83269],[120.30802,14.83262],[120.30823,14.83247],[120.30846,14.83231],[120.30884,14.83205],[120.30934,14.83172],[120.30953,14.83156],[120.3097,14.83137],[120.30984,14.83119],[120.30994,14.83096],[120.31004,14.83068],[120.31011,14.83037],[120.31019,14.83003],[120.31025,14.82977],[120.31034,14.8294],[120.31047,14.82898],[120.3106,14.82851],[120.31073,14.82814],[120.3108,14.82794],[120.31104,14.82748],[120.31125,14.8272],[120.31146,14.82693],[120.31174,14.82663],[120.31201,14.82637],[120.31233,14.82608],[120.31359,14.82505],[120.31422,14.82453],[120.31517,14.82374]],[[120.33725,14.82553],[120.33739,14.82565],[120.33761,14.82587],[120.33781,14.82613],[120.33801,14.82653],[120.33831,14.82718],[120.3393,14.8293],[120.33943,14.82949]],[[120.34174,14.83163],[120.34305,14.83271]],[[120.33088,14.82479],[120.33197,14.82484]],[[120.35199,14.8413],[120.35211,14.84134],[120.35247,14.84143],[120.35271,14.84148],[120.3531,14.84159]],[[120.35744,14.84462],[120.35738,14.84402],[120.35739,14.84396]],[[120.33594,14.82509],[120.33614,14.82509],[120.3364,14.8251],[120.33662,14.82519]],[[120.35404,14.84189],[120.35383,14.84184]],[[120.33468,14.8251],[120.33448,14.82509]],[[120.35356,14.84173],[120.35372,14.84177]],[[120.32247,14.82605],[120.32235,14.82605],[120.32223,14.82605],[120.322,14.82603],[120.32178,14.826],[120.32154,14.82596],[120.32131,14.82592],[120.32109,14.82585],[120.32087,14.82575],[120.32063,14.82559],[120.32024,14.82527]],[[120.33262,14.825],[120.33086,14.8249]],[[120.35095,14.84115],[120.3496,14.84084],[120.34931,14.84073],[120.34912,14.84063],[120.34892,14.84052],[120.34875,14.84042],[120.34859,14.84031],[120.34764,14.83948],[120.34752,14.83937],[120.34735,14.83924],[120.34727,14.83917],[120.34719,14.83911],[120.34709,14.83903],[120.34641,14.83847],[120.34629,14.83837]],[[120.30323,14.82193],[120.30322,14.82153],[120.3032,14.82141],[120.30317,14.82131],[120.3031,14.8212],[120.30304,14.82113],[120.30294,14.82105],[120.30289,14.82099]],[[120.30333,14.82808],[120.30333,14.82853],[120.30334,14.82885],[120.30334,14.829],[120.30335,14.82914],[120.30337,14.8293],[120.3034,14.82952],[120.30345,14.82965],[120.30354,14.82986],[120.30363,14.83004],[120.30372,14.83017],[120.3038,14.83028],[120.304,14.83052],[120.3044,14.83098]],[[120.31517,14.82374],[120.31549,14.82352],[120.31586,14.8233],[120.31615,14.82317],[120.31645,14.82309],[120.31674,14.82305],[120.31701,14.82303],[120.31728,14.82306],[120.31753,14.82311],[120.31779,14.82319],[120.31804,14.82329],[120.31834,14.82348],[120.31933,14.82426],[120.32,14.82478],[120.32041,14.82511],[120.32074,14.82537],[120.32103,14.82557],[120.32119,14.82566],[120.32138,14.82574],[120.32157,14.8258],[120.32176,14.82583],[120.32203,14.82583],[120.32235,14.82581],[120.32246,14.8258],[120.3226,14.82579]],[[120.30318,14.82808],[120.30318,14.82777]],[[120.31528,14.82387],[120.31507,14.82405],[120.31434,14.82467],[120.31372,14.8252],[120.31244,14.82623],[120.31212,14.82649],[120.31185,14.82676],[120.31158,14.82705],[120.31117,14.82756],[120.31092,14.82796],[120.31083,14.82818],[120.31072,14.82855],[120.31045,14.82993],[120.31032,14.83057],[120.3102,14.83098],[120.31013,14.83117],[120.31003,14.83136],[120.30993,14.8315],[120.30982,14.83163],[120.30966,14.83175],[120.30808,14.83272],[120.30781,14.83289],[120.30762,14.83298],[120.30744,14.83304],[120.30728,14.83307],[120.30714,14.83309],[120.30695,14.8331],[120.30673,14.83309],[120.30656,14.83305],[120.30641,14.83299],[120.30626,14.83293],[120.30611,14.83285],[120.30594,14.83273],[120.30575,14.83258],[120.30552,14.83237],[120.30389,14.83064],[120.30368,14.83037],[120.30354,14.83014],[120.30342,14.82992],[120.30333,14.8297],[120.30329,14.82956],[120.30324,14.82932],[120.30322,14.82913],[120.3032,14.82885],[120.30318,14.82808]],[[120.32024,14.82527],[120.31862,14.8239],[120.31818,14.82356],[120.31796,14.82343],[120.31772,14.82331],[120.3175,14.82323],[120.31725,14.82319],[120.317,14.82317],[120.31675,14.82318],[120.31647,14.82323],[120.31619,14.82331],[120.31592,14.82343],[120.3156,14.82363],[120.31528,14.82387]],[[120.32335,14.82596],[120.32247,14.82605]],[[120.33474,14.82498],[120.33513,14.82502]],[[120.33307,14.82488],[120.33369,14.8249]],[[120.33055,14.82477],[120.33088,14.82479]],[[120.32965,14.8247],[120.33025,14.82475]],[[120.33448,14.82509],[120.33417,14.82507]],[[120.33556,14.82516],[120.33512,14.82514]],[[120.33512,14.82514],[120.33468,14.8251]],[[120.33417,14.82507],[120.33384,14.82505]],[[120.33369,14.8249],[120.33417,14.82494]],[[120.33223,14.82485],[120.33307,14.82488]],[[120.33197,14.82484],[120.33223,14.82485]],[[120.33345,14.82502],[120.33326,14.82502],[120.33309,14.82502]],[[120.33309,14.82502],[120.33262,14.825]],[[120.33384,14.82505],[120.33345,14.82502]],[[120.34454,14.83464],[120.34467,14.83519],[120.34485,14.83617],[120.34493,14.83649],[120.34502,14.83677],[120.34514,14.83705]],[[120.34404,14.83368],[120.34419,14.83387],[120.34428,14.83404],[120.34438,14.83421]],[[120.34305,14.83271],[120.34347,14.83307],[120.34371,14.83331],[120.34387,14.83348],[120.34404,14.83368]],[[120.33417,14.82494],[120.33431,14.82495]],[[120.33431,14.82495],[120.33474,14.82498]],[[120.33662,14.82519],[120.33677,14.82524],[120.33692,14.82531]],[[120.33692,14.82531],[120.33708,14.8254],[120.33725,14.82553]],[[120.33513,14.82502],[120.3355,14.82504],[120.33573,14.82506]],[[120.33943,14.82949],[120.33953,14.82963],[120.33969,14.82983],[120.33989,14.83004],[120.34009,14.83023]],[[120.34131,14.83128],[120.34174,14.83163]],[[120.34009,14.83023],[120.34038,14.83048]],[[120.34038,14.83048],[120.34131,14.83128]],[[120.35174,14.84125],[120.35199,14.8413]],[[120.34438,14.83421],[120.34447,14.8344],[120.34454,14.83464]],[[120.35212,14.84141],[120.35173,14.84133]],[[120.35129,14.84114],[120.35174,14.84125]],[[120.35405,14.84185],[120.35431,14.84191]],[[120.34541,14.83744],[120.34547,14.83752],[120.34563,14.83771],[120.34581,14.83788],[120.34636,14.83831]],[[120.35356,14.84178],[120.3533,14.84171]],[[120.30334,14.82234],[120.30334,14.8235],[120.30333,14.82526],[120.30332,14.82672]],[[120.30322,14.82255],[120.30323,14.82205]],[[120.30289,14.82099],[120.30279,14.82092]],[[120.30287,14.82082],[120.30296,14.8209]],[[120.30334,14.82174],[120.30334,14.82196]],[[120.30334,14.82196],[120.30334,14.82234]],[[120.30323,14.82205],[120.30323,14.82193]],[[120.35751,14.84463],[120.35754,14.84481]],[[120.35746,14.84481],[120.35744,14.84462]],[[120.3533,14.84171],[120.35308,14.84162]],[[120.35605,14.84231],[120.3564,14.84239]],[[120.35578,14.84224],[120.35605,14.84231]],[[120.35457,14.84196],[120.35578,14.84224]],[[120.35173,14.84133],[120.35127,14.84122]],[[120.3531,14.84159],[120.35332,14.84167]],[[120.35332,14.84167],[120.35356,14.84173]],[[120.35371,14.84181],[120.35356,14.84178]],[[120.35384,14.8418],[120.35405,14.84185]],[[120.34128,14.83141],[120.3403,14.83058],[120.33984,14.83015],[120.33964,14.82994],[120.33945,14.82974],[120.33934,14.82959],[120.33922,14.82939],[120.33789,14.82651],[120.33771,14.82618],[120.33752,14.82593],[120.33734,14.82574],[120.3372,14.82563],[120.33708,14.82554]],[[120.35383,14.84184],[120.35376,14.84182]],[[120.35376,14.84182],[120.35371,14.84181]],[[120.35372,14.84177],[120.35378,14.84178]],[[120.35378,14.84178],[120.35384,14.8418]],[[120.3453,14.83752],[120.34526,14.83747]],[[120.34629,14.83837],[120.34606,14.83819],[120.34575,14.83794],[120.34557,14.83779],[120.34538,14.83762],[120.3453,14.83752]],[[120.34537,14.8374],[120.34541,14.83744]],[[120.34514,14.83705],[120.34524,14.83722],[120.34535,14.83737],[120.34537,14.8374]],[[120.35105,14.84117],[120.35095,14.84115]],[[120.35127,14.84122],[120.35105,14.84117]],[[120.35107,14.84108],[120.35129,14.84114]],[[120.35097,14.84106],[120.35107,14.84108]],[[120.33582,14.82519],[120.33556,14.82516]],[[120.33592,14.82519],[120.33582,14.82519]],[[120.33583,14.82507],[120.33594,14.82509]],[[120.33573,14.82506],[120.33583,14.82507]]]}},{"type":"Feature","properties":{"kind":"transmission","name":"Mariveles - Balsik 500 kV transmission line","project":"mariveles-500kv","year":2022,"source":"OpenStreetMap contributors"},"geometry":{"type":"MultiLineString","coordinates":[[[120.52757,14.45116],[120.52547,14.45404],[120.525,14.45739],[120.52464,14.45992],[120.52571,14.46236],[120.52703,14.46502],[120.52944,14.46896],[120.53407,14.47286],[120.53895,14.47548],[120.54223,14.47981],[120.54429,14.48261],[120.54788,14.48701],[120.54949,14.48944],[120.55148,14.49269],[120.55355,14.49628],[120.55411,14.49784],[120.55589,14.5032],[120.55741,14.50867],[120.5583,14.51197],[120.559,14.5146],[120.5599,14.51779],[120.56064,14.5203],[120.56115,14.52202],[120.56192,14.5246],[120.5627,14.52726],[120.56372,14.53088],[120.56481,14.53483],[120.56583,14.5377],[120.56687,14.54057],[120.56815,14.54428],[120.56789,14.54784],[120.56769,14.54964],[120.56636,14.55237],[120.56437,14.55592],[120.56268,14.55874],[120.55944,14.56059],[120.5567,14.56417],[120.55325,14.56912],[120.55098,14.57249],[120.54992,14.57539],[120.54913,14.57807],[120.54842,14.5805],[120.54626,14.58308],[120.54454,14.58563],[120.54293,14.58798],[120.54126,14.59046],[120.53996,14.59249],[120.53855,14.59473],[120.5365,14.59801],[120.53437,14.6012],[120.53253,14.60423],[120.53117,14.60654],[120.52919,14.60958],[120.52693,14.6131],[120.52576,14.61734],[120.52514,14.61962],[120.52421,14.62294],[120.52345,14.62573],[120.52243,14.62964],[120.52176,14.63229],[120.52043,14.63507],[120.51829,14.63848],[120.51669,14.64111],[120.51484,14.64414],[120.51314,14.64702],[120.51158,14.65014],[120.50999,14.65383],[120.50831,14.65763],[120.50661,14.66059],[120.50555,14.6623],[120.50415,14.66453],[120.50277,14.66666],[120.50112,14.66933],[120.49986,14.67134],[120.49823,14.67396],[120.49649,14.67681],[120.49488,14.67954],[120.49336,14.68214],[120.49159,14.6852],[120.49177,14.68864],[120.49191,14.69118],[120.49217,14.69586],[120.49239,14.69974],[120.49251,14.70331],[120.49246,14.70677],[120.4924,14.70971],[120.49214,14.7131],[120.49181,14.71732],[120.49141,14.72049],[120.49083,14.72392],[120.49013,14.72768],[120.48935,14.73141],[120.48852,14.73555],[120.48787,14.73879],[120.48736,14.7413],[120.48656,14.74534],[120.48628,14.74675],[120.48562,14.75004],[120.48491,14.75485],[120.48443,14.75824],[120.48347,14.76121],[120.48244,14.76436],[120.48201,14.76697],[120.48153,14.77018],[120.48109,14.77311],[120.48065,14.77605],[120.47978,14.78039],[120.47937,14.78251],[120.47884,14.78514],[120.47838,14.78758],[120.47774,14.79092],[120.47736,14.79292],[120.47648,14.79793],[120.47611,14.80173],[120.47599,14.8039],[120.47587,14.80654],[120.47577,14.80894],[120.47554,14.81344],[120.47534,14.81771],[120.47523,14.82026],[120.47512,14.82275],[120.4749,14.82733],[120.47649,14.83132],[120.47887,14.83318],[120.48204,14.83608],[120.48476,14.83812],[120.48664,14.84092],[120.48767,14.84387],[120.48864,14.84742],[120.48951,14.85076],[120.49073,14.85521],[120.4898,14.85744],[120.48755,14.85893],[120.48573,14.86015],[120.4851,14.86166],[120.48494,14.86364],[120.48704,14.86613],[120.48942,14.86817],[120.49235,14.8708]],[[120.52757,14.45116],[120.52825,14.45112]],[[120.52801,14.45082],[120.52757,14.45116]],[[120.49235,14.8708],[120.49234,14.87062]]]}},{"type":"Feature","properties":{"kind":"rail","name":"North-South Commuter Railway (under construction)","project":"nscr-cp02","year":9999,"source":"OpenStreetMap contributors"},"geometry":{"type":"MultiLineString","coordinates":[[[120.81339,14.85492],[120.814,14.85425],[120.81437,14.85381],[120.81475,14.85336],[120.81495,14.85315],[120.81515,14.85293],[120.81536,14.85273],[120.81558,14.85254],[120.8158,14.85235],[120.81603,14.85217],[120.81626,14.85199],[120.8165,14.85182],[120.81674,14.85166],[120.81699,14.85151],[120.81721,14.85138],[120.81745,14.85126],[120.81768,14.85114],[120.81792,14.85103],[120.81816,14.85092],[120.81841,14.85082],[120.81866,14.85073],[120.81891,14.85064],[120.84425,14.84233],[120.84461,14.84221],[120.84498,14.8421],[120.84536,14.84199],[120.84573,14.8419],[120.84611,14.84181],[120.84875,14.84127],[120.85328,14.84027],[120.85557,14.83979],[120.85588,14.83971],[120.85618,14.83964],[120.85647,14.83955],[120.85677,14.83946],[120.85706,14.83936],[120.85735,14.83925],[120.85969,14.8383],[120.86204,14.83736],[120.86437,14.83638],[120.8667,14.83542],[120.86749,14.83508],[120.86829,14.83475],[120.87092,14.83367],[120.87354,14.83257],[120.87485,14.83202],[120.87617,14.83148],[120.87926,14.83023],[120.87949,14.83015],[120.87971,14.83007],[120.87994,14.83],[120.88017,14.82994],[120.8804,14.82989],[120.88064,14.82984],[120.88087,14.82981],[120.88111,14.82978],[120.88135,14.82976],[120.88159,14.82975],[120.88183,14.82975],[120.88207,14.82976],[120.88231,14.82978],[120.88255,14.82981],[120.88278,14.82985],[120.8941,14.83162],[120.89437,14.83167],[120.89463,14.8317],[120.8949,14.83173],[120.89517,14.83175],[120.89545,14.83176],[120.89572,14.83176],[120.89599,14.83176],[120.89626,14.83174],[120.89653,14.83172],[120.8968,14.83169],[120.89707,14.83165],[120.89733,14.8316],[120.8976,14.83154],[120.89786,14.83148],[120.89812,14.83141],[120.89838,14.83133],[120.89864,14.83124],[120.89889,14.83114],[120.89914,14.83103],[120.89938,14.83092],[120.89963,14.8308],[120.89986,14.83067],[120.9001,14.83054],[120.90032,14.8304],[120.90055,14.83025],[120.90077,14.83009],[120.90098,14.82993],[120.90119,14.82976],[120.90139,14.82958],[120.90159,14.8294],[120.90593,14.82538],[120.9068,14.82458],[120.91339,14.81843],[120.91685,14.81522],[120.9185,14.81367],[120.92017,14.8121],[120.92675,14.80598],[120.92738,14.80539]],[[120.92739,14.80542],[120.92676,14.80601],[120.92018,14.81212],[120.91852,14.8137],[120.91686,14.81524],[120.91341,14.81846],[120.90681,14.8246],[120.90595,14.8254],[120.90161,14.82943],[120.90141,14.82961],[120.90121,14.82979],[120.901,14.82996],[120.90079,14.83013],[120.90057,14.83028],[120.90034,14.83043],[120.90011,14.83058],[120.89988,14.83071],[120.89964,14.83084],[120.8994,14.83096],[120.89915,14.83108],[120.8989,14.83118],[120.89865,14.83128],[120.89839,14.83137],[120.89813,14.83145],[120.89787,14.83152],[120.8976,14.83159],[120.89734,14.83164],[120.89707,14.83169],[120.8968,14.83173],[120.89653,14.83176],[120.89626,14.83179],[120.89598,14.8318],[120.89571,14.83181],[120.89544,14.83181],[120.89517,14.83179],[120.8949,14.83178],[120.89462,14.83175],[120.89435,14.83171],[120.89409,14.83167],[120.88277,14.82989],[120.88254,14.82986],[120.8823,14.82983],[120.88206,14.82981],[120.88183,14.8298],[120.88159,14.8298],[120.88135,14.82981],[120.88111,14.82983],[120.88087,14.82985],[120.88064,14.82989],[120.88041,14.82993],[120.88017,14.82999],[120.87994,14.83005],[120.87972,14.83011],[120.87949,14.83019],[120.87927,14.83027],[120.87618,14.83152],[120.87486,14.83206],[120.87355,14.83261],[120.87093,14.83371],[120.8683,14.83479],[120.86751,14.83512],[120.86671,14.83546],[120.86438,14.83643],[120.86205,14.8374],[120.8597,14.83834],[120.85736,14.83929],[120.85707,14.8394],[120.85678,14.8395],[120.85648,14.8396],[120.85618,14.83968],[120.85588,14.83976],[120.85558,14.83983],[120.85329,14.84032],[120.84876,14.84131],[120.84612,14.84185],[120.84574,14.84194],[120.84537,14.84203],[120.845,14.84214],[120.84463,14.84225],[120.84426,14.84237],[120.81892,14.85069],[120.81867,14.85077],[120.81843,14.85087],[120.81818,14.85097],[120.81794,14.85108],[120.81771,14.85119],[120.81748,14.85131],[120.81725,14.85144],[120.81702,14.85157],[120.81678,14.85172],[120.81654,14.85188],[120.81631,14.85205],[120.81608,14.85223],[120.81586,14.85241],[120.81564,14.8526],[120.81543,14.8528],[120.81522,14.853],[120.81503,14.85321],[120.81483,14.85342],[120.81445,14.85388],[120.81407,14.85432],[120.81347,14.85499]],[[120.81347,14.85499],[120.81287,14.85567],[120.8124,14.85619]],[[120.81233,14.85612],[120.81279,14.8556],[120.81339,14.85492]],[[120.81226,14.85621],[120.81229,14.85616],[120.81233,14.85612]],[[120.8124,14.85619],[120.81237,14.85623],[120.81233,14.85626],[120.81212,14.85647],[120.81209,14.8565],[120.81206,14.85653]]]}},{"type":"Feature","properties":{"kind":"road","name":"SLEX Toll Road 4 (under construction)","project":"slex-tr4","year":9999,"source":"OpenStreetMap contributors"},"geometry":{"type":"MultiLineString","coordinates":[[[121.33342,13.98079],[121.33461,13.97963],[121.33608,13.97818],[121.33818,13.97625],[121.34124,13.97382],[121.34264,13.97257],[121.34371,13.97171],[121.34456,13.97123],[121.34556,13.97068],[121.34684,13.97011],[121.34803,13.96958],[121.3491,13.96907],[121.34943,13.96891],[121.35021,13.96846],[121.35083,13.96819],[121.35164,13.96784],[121.35277,13.96737],[121.3536,13.96709],[121.35508,13.96652],[121.35776,13.96567],[121.35904,13.96531],[121.36027,13.96495],[121.36184,13.96451],[121.36401,13.96398],[121.36709,13.96335],[121.36991,13.9628],[121.37291,13.96227],[121.37615,13.96173],[121.37852,13.96124],[121.38109,13.96067],[121.38903,13.95909],[121.39049,13.95879],[121.39405,13.95803],[121.39802,13.95721],[121.40241,13.95625],[121.40713,13.9552],[121.40871,13.95486],[121.40903,13.95479],[121.41198,13.95426],[121.41338,13.954],[121.41411,13.95387],[121.41632,13.95353],[121.41762,13.95334],[121.41895,13.95315],[121.42055,13.95292],[121.42103,13.95284],[121.42153,13.95274],[121.42233,13.9526],[121.42328,13.95246],[121.4238,13.95238],[121.42445,13.95226],[121.42504,13.95214],[121.42562,13.95202],[121.4267,13.95179],[121.42751,13.9516],[121.4281,13.9515],[121.4296,13.95125],[121.43107,13.95102],[121.43418,13.95079],[121.43715,13.95062],[121.43753,13.95058],[121.43839,13.95053],[121.4392,13.95054],[121.44053,13.95075],[121.44173,13.95092],[121.44261,13.95105],[121.44343,13.9511],[121.44428,13.95107],[121.44519,13.95103],[121.44589,13.951],[121.44758,13.95085],[121.44906,13.9507],[121.45026,13.95064]],[[121.45026,13.95075],[121.44907,13.95081],[121.44759,13.95096],[121.4459,13.95107],[121.44519,13.9511],[121.44429,13.95113],[121.44339,13.95114],[121.44257,13.9511],[121.44171,13.95098],[121.44053,13.95081],[121.4392,13.95061],[121.43808,13.95058],[121.43751,13.95063],[121.43716,13.95065],[121.43418,13.95085],[121.43109,13.95108],[121.42944,13.95134],[121.42816,13.95154],[121.42739,13.95169],[121.42673,13.95182],[121.42607,13.95197],[121.42504,13.95218],[121.42428,13.95233],[121.42347,13.95247],[121.42213,13.95268],[121.42158,13.95277],[121.42143,13.9528],[121.42056,13.95296],[121.41637,13.95356],[121.41416,13.95389],[121.40956,13.95474],[121.40907,13.95482],[121.4086,13.95493],[121.40698,13.9553],[121.40211,13.95638],[121.39803,13.95726],[121.39759,13.95734],[121.39405,13.95807],[121.39173,13.95858],[121.39032,13.95887],[121.38111,13.96076],[121.37854,13.96133],[121.37617,13.96182],[121.37293,13.96236],[121.36992,13.96289],[121.36711,13.96344],[121.36403,13.96406],[121.36186,13.9646],[121.36029,13.96503],[121.35907,13.9654],[121.35779,13.96575],[121.35512,13.96661],[121.35363,13.96717],[121.3528,13.96746],[121.35168,13.96792],[121.35087,13.96827],[121.35026,13.96854],[121.34948,13.96899],[121.34914,13.96915],[121.34807,13.96966],[121.34687,13.97019],[121.34561,13.97076],[121.34461,13.9713],[121.34377,13.97179],[121.3427,13.97264],[121.3413,13.97389],[121.33824,13.97631],[121.33614,13.97825],[121.33468,13.97969],[121.33356,13.98085],[121.33274,13.98155]],[[121.56206,13.98343],[121.56244,13.98331]],[[121.55635,13.98365],[121.55694,13.98371],[121.55776,13.98378],[121.55867,13.98379],[121.55954,13.98377],[121.56062,13.98368],[121.56131,13.9836],[121.56172,13.98353],[121.56206,13.98343]],[[121.56209,13.98353],[121.56174,13.98363],[121.56133,13.98371],[121.56063,13.98379],[121.55955,13.98388],[121.55867,13.9839],[121.55776,13.98388],[121.55693,13.98382],[121.55634,13.98376]],[[121.56247,13.98341],[121.56209,13.98353]],[[121.55345,13.98292],[121.55363,13.98301],[121.55447,13.98329],[121.55516,13.98347],[121.5557,13.98357],[121.55635,13.98365]],[[121.55634,13.98376],[121.55568,13.98367],[121.55514,13.98357],[121.55444,13.98339],[121.55359,13.98311]],[[121.6416,13.97161],[121.63853,13.97108]],[[121.64188,13.97165],[121.6416,13.97161]],[[121.63831,13.97093],[121.64034,13.97128]],[[121.6436,13.97184],[121.64674,13.97238]],[[121.64601,13.97236],[121.64399,13.97201]],[[121.64189,13.97165],[121.64188,13.97165]],[[121.62009,13.96624],[121.61938,13.96607],[121.61844,13.96593],[121.61752,13.96585],[121.61658,13.96586],[121.61565,13.96599],[121.61469,13.96622],[121.61379,13.96651]],[[121.62036,13.96631],[121.62009,13.96624]],[[121.62014,13.96614],[121.62041,13.96621]],[[121.61379,13.96651],[121.61374,13.96652],[121.60913,13.96824],[121.60887,13.96834]],[[121.60883,13.96824],[121.60909,13.96814],[121.61371,13.96642],[121.61376,13.9664]],[[121.60735,13.9689],[121.60372,13.97026]],[[121.60367,13.97016],[121.6073,13.96881]],[[121.6073,13.96881],[121.60883,13.96824]],[[121.60887,13.96834],[121.60735,13.9689]],[[121.63853,13.97108],[121.63171,13.96991],[121.6297,13.96952],[121.62775,13.96902],[121.62582,13.96842],[121.62392,13.9677],[121.62127,13.96662],[121.62036,13.96631]],[[121.61376,13.9664],[121.61466,13.96612],[121.61563,13.96588],[121.61657,13.96574],[121.61752,13.96574],[121.61846,13.96582],[121.6194,13.96596],[121.62014,13.96614]],[[121.55142,13.98201],[121.54952,13.9811]],[[121.55359,13.98311],[121.5534,13.98302],[121.55142,13.98201]],[[121.58686,13.97529],[121.58483,13.97595],[121.57072,13.98072],[121.5692,13.98124],[121.56247,13.98341]],[[121.56244,13.98331],[121.56916,13.98113],[121.57068,13.98062],[121.58479,13.97585],[121.58683,13.97519]],[[121.54957,13.98102],[121.55147,13.98193],[121.55345,13.98292]],[[121.5456,13.97894],[121.54957,13.98102]],[[121.33232,13.98173],[121.33262,13.98148]],[[121.33274,13.98155],[121.33245,13.98179]],[[121.33262,13.98148],[121.33342,13.98079]],[[121.64672,13.97246],[121.64601,13.97236]],[[121.45026,13.95064],[121.45394,13.95065],[121.45671,13.95048],[121.45942,13.95043],[121.47048,13.95014],[121.47346,13.95021],[121.47594,13.95048],[121.47764,13.95077],[121.47937,13.95116],[121.48198,13.95185],[121.48441,13.9527],[121.48679,13.95376],[121.48901,13.95481],[121.50158,13.96217],[121.51243,13.96857],[121.5152,13.97021],[121.51642,13.97081],[121.51756,13.97136],[121.51882,13.97188],[121.52044,13.97245],[121.52413,13.97391],[121.52501,13.97422],[121.52595,13.97452],[121.52688,13.97482],[121.52787,13.97507],[121.53037,13.97553],[121.53236,13.9759],[121.53402,13.97619],[121.53536,13.97643],[121.53976,13.97719],[121.54152,13.97755],[121.5429,13.97787],[121.5443,13.97835],[121.5456,13.97894]],[[121.54952,13.9811],[121.54869,13.98064],[121.54556,13.97902],[121.54426,13.97843],[121.54287,13.97795],[121.5415,13.97764],[121.53975,13.97728],[121.53534,13.97652],[121.534,13.97627],[121.53234,13.97599],[121.53035,13.97562],[121.52785,13.97516],[121.52686,13.9749],[121.52592,13.97461],[121.52498,13.9743],[121.5241,13.974],[121.52041,13.97254],[121.51878,13.97196],[121.51753,13.97145],[121.51637,13.97089],[121.51516,13.97029],[121.51297,13.96909],[121.50153,13.96224],[121.48897,13.95489],[121.48676,13.95384],[121.48437,13.95278],[121.48195,13.95193],[121.47935,13.95125],[121.47762,13.95086],[121.47593,13.95057],[121.47346,13.95029],[121.47048,13.95023],[121.45942,13.95052],[121.45671,13.95057],[121.45394,13.95074],[121.45026,13.95075]],[[121.64816,13.97275],[121.64672,13.97246]],[[121.64674,13.97238],[121.64818,13.97267]],[[121.30287,14.04648],[121.30318,14.04626],[121.30362,14.04594]],[[121.30368,14.04601],[121.30323,14.04635],[121.30293,14.04657]],[[121.60372,13.97026],[121.59886,13.97207],[121.5979,13.97239],[121.59693,13.9727],[121.59595,13.97298],[121.59498,13.97322],[121.59398,13.97342],[121.59297,13.97359],[121.59198,13.97374],[121.59098,13.97383],[121.59055,13.97386],[121.58954,13.97399],[121.58856,13.97415],[121.58759,13.97436],[121.58663,13.97461]],[[121.5866,13.9745],[121.58757,13.97425],[121.58854,13.97404],[121.58953,13.97388],[121.58968,13.97386],[121.59054,13.97376],[121.59097,13.97373],[121.59196,13.97363],[121.59295,13.97348],[121.59396,13.97331],[121.59496,13.97311],[121.59593,13.97287],[121.5969,13.9726],[121.59787,13.97229],[121.59881,13.97197],[121.60367,13.97016]]]}}]}